idf,tf,tf*idf,word
0.7900504736833514,0.001350103034178924,0.001066649541674389,Испании
1.1345461631284228,0.000710580544304697,0.0008061864301346002,День
1.3719070789230268,0.0004974063810132878,0.0006823953352136137,Мадриде
1.2091797814253271,0.0003552902721523485,0.00042960981362372174,Мадрида
1.459057254641927,0.00028423221772187876,0.0004147110792700709,км/ч
0.8692317197309762,0.00042634832658281814,0.0003705954891200069,n
1.714329759745233,0.00021317416329140907,0.00036545081213925235,запрещена
1.0153597554092142,0.0003552902721523485,0.0003607474438318817,es
2.413299764081252,0.00014211610886093938,0.0003429687719862505,Paso
2.413299764081252,0.00014211610886093938,0.0003429687719862505,com/madrid
2.413299764081252,0.00014211610886093938,0.0003429687719862505,Особые
2.413299764081252,0.00014211610886093938,0.0003429687719862505,запрещён
1.568201724066995,0.00021317416329140907,0.00033430009040012683,Праздники
1.5102097770893081,0.00021317416329140907,0.0003219377056255187,Праздник
0.7320585267056646,0.00042634832658281814,0.0003121119278216434,языке
0.33775280268872104,0.000923754707596106,0.0003120007414874848,www
2.1122697684172707,0.00014211610886093938,0.00030018756035206005,Быстрее
2.1122697684172707,0.00014211610886093938,0.00030018756035206005,автомобильные
2.1122697684172707,0.00014211610886093938,0.00030018756035206005,santo
2.1122697684172707,0.00014211610886093938,0.00030018756035206005,монетах
2.1122697684172707,0.00014211610886093938,0.00030018756035206005,коррида
1.334118518033627,0.00021317416329140907,0.0002843995988133931,регистрации
1.334118518033627,0.00021317416329140907,0.0002843995988133931,Испания
1.9361785093615893,0.00014211610886093938,0.00027516215581064294,плотная
1.9361785093615893,0.00014211610886093938,0.00027516215581064294,5-10
0.9661417327390326,0.00028423221772187876,0.0002746086073300739,C
1.2671717284030137,0.00021317416329140907,0.0002701282729488411,РФ
1.2671717284030137,0.00021317416329140907,0.0002701282729488411,Мадрид
0.7505419323996777,0.0003552902721523485,0.000266660247424031,продаются
0.7505419323996777,0.0003552902721523485,0.000266660247424031,a
0.7412019061455344,0.0003552902721523485,0.00026334182695428635,евро
1.2091797814253271,0.00021317416329140907,0.000257765888174233,виза
1.8112397727532894,0.00014211610886093938,0.0002574063487178696,Страстная
1.8112397727532894,0.00014211610886093938,0.0002574063487178696,зонах
1.1828508427029778,0.00021317416329140907,0.00025215323869174543,наличии
0.8692317197309762,0.00028423221772187876,0.00024706365941333796,d
1.714329759745233,0.00014211610886093938,0.0002436338747595016,очевидно
1.714329759745233,0.00014211610886093938,0.0002436338747595016,достоинством
1.714329759745233,0.00014211610886093938,0.0002436338747595016,оплате
1.1122697684172707,0.00021317416329140907,0.000237107177236681,сайт
1.0910804693473326,0.00021317416329140907,0.00023259016613671552,большинстве
1.6351485136976083,0.00014211610886093938,0.0002323809441764525,телефонные
1.6351485136976083,0.00014211610886093938,0.0002323809441764525,следить
0.5382385006895517,0.00042634832658281814,0.00022947708407143537,т
0.4590572546419269,0.0004974063810132878,0.00022833800770933618,de
1.0515719280636588,0.00021317416329140907,0.0002241679659057043,СНГ
1.0515719280636588,0.00021317416329140907,0.0002241679659057043,Plaza
1.568201724066995,0.00014211610886093938,0.00022286672693341787,набирать
1.568201724066995,0.00014211610886093938,0.00022286672693341787,скорости
1.568201724066995,0.00014211610886093938,0.00022286672693341787,Посольстве
1.5102097770893081,0.00014211610886093938,0.00021462513708367912,температуры
0.9983264161104338,0.00021317416329140907,0.0002128173984460528,ресторанах
1.459057254641927,0.00014211610886093938,0.00020735553963503544,дорогах
1.459057254641927,0.00014211610886093938,0.00020735553963503544,табачных
0.48388083836695905,0.00042634832658281814,0.0002063017857032441,ч
1.413299764081252,0.00014211610886093938,0.00020085266312531113,забывайте
1.413299764081252,0.00014211610886093938,0.00020085266312531113,почтовых
0.9219380702469792,0.00021317416329140907,0.0001965333767313961,зоны
0.9219380702469792,0.00021317416329140907,0.0001965333767313961,английском
1.3719070789230268,0.00014211610886093938,0.00019497009577531822,лавках
1.3719070789230268,0.00014211610886093938,0.00019497009577531822,версия
1.3719070789230268,0.00014211610886093938,0.00019497009577531822,свидетельство
1.3719070789230268,0.00014211610886093938,0.00019497009577531822,стойки
0.8947858242033644,0.00021317416329140907,0.00019074521939956604,дешевле
1.334118518033627,0.00014211610886093938,0.00018959973254226205,прибытии
0.8818208470389967,0.00021317416329140907,0.00018798142124045974,имеют
0.8692317197309762,0.00021317416329140907,0.00018529774456000345,декабря
1.299356411774415,0.00014211610886093938,0.00018465947726489234,выгоднее
1.299356411774415,0.00014211610886093938,0.00018465947726489234,суммы
1.299356411774415,0.00014211610886093938,0.00018465947726489234,Белоруссии
0.4132997640812518,0.00042634832658281814,0.00017620966279311524,примерно
1.2372085050255706,0.00014211610886093938,0.00017582725858389405,Украины
0.8222351570547527,0.00021317416329140907,0.00017527929163392724,билет
1.2091797814253271,0.00014211610886093938,0.00017184392544948866,El
2.413299764081252,7.105805443046969e-05,0.00017148438599312525,Интервалы
2.413299764081252,7.105805443046969e-05,0.00017148438599312525,Ligero
2.413299764081252,7.105805443046969e-05,0.00017148438599312525,вдвоём
2.413299764081252,7.105805443046969e-05,0.00017148438599312525,приобретайте
2.413299764081252,7.105805443046969e-05,0.00017148438599312525,взламывают
2.413299764081252,7.105805443046969e-05,0.00017148438599312525,погашается
2.413299764081252,7.105805443046969e-05,0.00017148438599312525,турникет
2.413299764081252,7.105805443046969e-05,0.00017148438599312525,поребриком
2.413299764081252,7.105805443046969e-05,0.00017148438599312525,передаёт
2.413299764081252,7.105805443046969e-05,0.00017148438599312525,Проездной
2.413299764081252,7.105805443046969e-05,0.00017148438599312525,навигаторы
2.413299764081252,7.105805443046969e-05,0.00017148438599312525,жёлтым
2.413299764081252,7.105805443046969e-05,0.00017148438599312525,метро-автобус
2.413299764081252,7.105805443046969e-05,0.00017148438599312525,Самолёты
2.413299764081252,7.105805443046969e-05,0.00017148438599312525,0034
2.413299764081252,7.105805443046969e-05,0.00017148438599312525,сообщать
2.413299764081252,7.105805443046969e-05,0.00017148438599312525,Objetos
2.413299764081252,7.105805443046969e-05,0.00017148438599312525,видном
2.413299764081252,7.105805443046969e-05,0.00017148438599312525,погасил
2.413299764081252,7.105805443046969e-05,0.00017148438599312525,припаркованных
2.413299764081252,7.105805443046969e-05,0.00017148438599312525,выпускают
2.413299764081252,7.105805443046969e-05,0.00017148438599312525,Perdidos
2.413299764081252,7.105805443046969e-05,0.00017148438599312525,Legazpi
2.413299764081252,7.105805443046969e-05,0.00017148438599312525,Преступления
2.413299764081252,7.105805443046969e-05,0.00017148438599312525,поребрика
2.413299764081252,7.105805443046969e-05,0.00017148438599312525,Ценные
2.413299764081252,7.105805443046969e-05,0.00017148438599312525,8-10-34
2.413299764081252,7.105805443046969e-05,0.00017148438599312525,Дамам
2.413299764081252,7.105805443046969e-05,0.00017148438599312525,отдалённым
2.413299764081252,7.105805443046969e-05,0.00017148438599312525,спутнику
2.413299764081252,7.105805443046969e-05,0.00017148438599312525,Воспользоваться
2.413299764081252,7.105805443046969e-05,0.00017148438599312525,застрахованы
2.413299764081252,7.105805443046969e-05,0.00017148438599312525,компании-страховщику
2.413299764081252,7.105805443046969e-05,0.00017148438599312525,urgencia
2.413299764081252,7.105805443046969e-05,0.00017148438599312525,ABC
2.413299764081252,7.105805443046969e-05,0.00017148438599312525,выписывают
2.413299764081252,7.105805443046969e-05,0.00017148438599312525,склонным
2.413299764081252,7.105805443046969e-05,0.00017148438599312525,cias
2.413299764081252,7.105805443046969e-05,0.00017148438599312525,прикинуться
2.413299764081252,7.105805443046969e-05,0.00017148438599312525,farm
2.413299764081252,7.105805443046969e-05,0.00017148438599312525,предъявляется
2.413299764081252,7.105805443046969e-05,0.00017148438599312525,автобус-экспресс
2.413299764081252,7.105805443046969e-05,0.00017148438599312525,Аэропортовый
2.413299764081252,7.105805443046969e-05,0.00017148438599312525,запланировать
2.413299764081252,7.105805443046969e-05,0.00017148438599312525,аэровокзал
2.413299764081252,7.105805443046969e-05,0.00017148438599312525,приложениями
2.413299764081252,7.105805443046969e-05,0.00017148438599312525,понимающими
2.413299764081252,7.105805443046969e-05,0.00017148438599312525,пробках
2.413299764081252,7.105805443046969e-05,0.00017148438599312525,межрегиональные
2.413299764081252,7.105805443046969e-05,0.00017148438599312525,Барахас
2.413299764081252,7.105805443046969e-05,0.00017148438599312525,нарушения
2.413299764081252,7.105805443046969e-05,0.00017148438599312525,убытков
2.413299764081252,7.105805443046969e-05,0.00017148438599312525,протокола
2.413299764081252,7.105805443046969e-05,0.00017148438599312525,солидности
2.413299764081252,7.105805443046969e-05,0.00017148438599312525,перегонит
2.413299764081252,7.105805443046969e-05,0.00017148438599312525,пойдёт
2.413299764081252,7.105805443046969e-05,0.00017148438599312525,удвоилась
2.413299764081252,7.105805443046969e-05,0.00017148438599312525,дамы-полицейские
2.413299764081252,7.105805443046969e-05,0.00017148438599312525,пощады
2.413299764081252,7.105805443046969e-05,0.00017148438599312525,главнейшие
2.413299764081252,7.105805443046969e-05,0.00017148438599312525,царапины
2.413299764081252,7.105805443046969e-05,0.00017148438599312525,вмятины
2.413299764081252,7.105805443046969e-05,0.00017148438599312525,неизбежны
2.413299764081252,7.105805443046969e-05,0.00017148438599312525,паркуются
2.413299764081252,7.105805443046969e-05,0.00017148438599312525,GRUA
2.413299764081252,7.105805443046969e-05,0.00017148438599312525,пересадочной
2.413299764081252,7.105805443046969e-05,0.00017148438599312525,﻿переворота
2.413299764081252,7.105805443046969e-05,0.00017148438599312525,ctm-madrid
2.413299764081252,7.105805443046969e-05,0.00017148438599312525,mayo
2.413299764081252,7.105805443046969e-05,0.00017148438599312525,скользящей
2.413299764081252,7.105805443046969e-05,0.00017148438599312525,navidad
2.413299764081252,7.105805443046969e-05,0.00017148438599312525,concepci
2.413299764081252,7.105805443046969e-05,0.00017148438599312525,inmaculada
2.413299764081252,7.105805443046969e-05,0.00017148438599312525,constituci
2.413299764081252,7.105805443046969e-05,0.00017148438599312525,Парковка
2.413299764081252,7.105805443046969e-05,0.00017148438599312525,santos
2.413299764081252,7.105805443046969e-05,0.00017148438599312525,todos
2.413299764081252,7.105805443046969e-05,0.00017148438599312525,hispanidad
2.413299764081252,7.105805443046969e-05,0.00017148438599312525,asunci
2.413299764081252,7.105805443046969e-05,0.00017148438599312525,trabajo
2.413299764081252,7.105805443046969e-05,0.00017148438599312525,viernes
2.413299764081252,7.105805443046969e-05,0.00017148438599312525,magos
2.413299764081252,7.105805443046969e-05,0.00017148438599312525,reyes
2.413299764081252,7.105805443046969e-05,0.00017148438599312525,Волхвов
2.413299764081252,7.105805443046969e-05,0.00017148438599312525,nuevo
2.413299764081252,7.105805443046969e-05,0.00017148438599312525,fiesta
2.413299764081252,7.105805443046969e-05,0.00017148438599312525,определяются
2.413299764081252,7.105805443046969e-05,0.00017148438599312525,скрашивают
2.413299764081252,7.105805443046969e-05,0.00017148438599312525,Барнабеу
2.413299764081252,7.105805443046969e-05,0.00017148438599312525,отзовётся
2.413299764081252,7.105805443046969e-05,0.00017148438599312525,одобрительно
2.413299764081252,7.105805443046969e-05,0.00017148438599312525,jueves
2.413299764081252,7.105805443046969e-05,0.00017148438599312525,corpus
2.413299764081252,7.105805443046969e-05,0.00017148438599312525,metro-madrid
2.413299764081252,7.105805443046969e-05,0.00017148438599312525,текстовые
2.413299764081252,7.105805443046969e-05,0.00017148438599312525,Prohibido
2.413299764081252,7.105805443046969e-05,0.00017148438599312525,prohibido
2.413299764081252,7.105805443046969e-05,0.00017148438599312525,Уступи
2.413299764081252,7.105805443046969e-05,0.00017148438599312525,Ceda
2.413299764081252,7.105805443046969e-05,0.00017148438599312525,Опасный
2.413299764081252,7.105805443046969e-05,0.00017148438599312525,peligroso
2.413299764081252,7.105805443046969e-05,0.00017148438599312525,Viaje
2.413299764081252,7.105805443046969e-05,0.00017148438599312525,Cuidado
2.413299764081252,7.105805443046969e-05,0.00017148438599312525,Atenci
2.413299764081252,7.105805443046969e-05,0.00017148438599312525,Стоп
2.413299764081252,7.105805443046969e-05,0.00017148438599312525,допустимая
2.413299764081252,7.105805443046969e-05,0.00017148438599312525,cristi
2.413299764081252,7.105805443046969e-05,0.00017148438599312525,Предельно
2.413299764081252,7.105805443046969e-05,0.00017148438599312525,freehand-гарнитуры
2.413299764081252,7.105805443046969e-05,0.00017148438599312525,Мобильными
2.413299764081252,7.105805443046969e-05,0.00017148438599312525,предупреждающей
2.413299764081252,7.105805443046969e-05,0.00017148438599312525,аварийный
2.413299764081252,7.105805443046969e-05,0.00017148438599312525,неисправной
2.413299764081252,7.105805443046969e-05,0.00017148438599312525,Буксировка
2.413299764081252,7.105805443046969e-05,0.00017148438599312525,гребня
2.413299764081252,7.105805443046969e-05,0.00017148438599312525,автомагистралях
2.413299764081252,7.105805443046969e-05,0.00017148438599312525,Автострады
2.413299764081252,7.105805443046969e-05,0.00017148438599312525,победах
2.413299764081252,7.105805443046969e-05,0.00017148438599312525,скользкая
2.413299764081252,7.105805443046969e-05,0.00017148438599312525,по-средиземноморски
2.413299764081252,7.105805443046969e-05,0.00017148438599312525,aha
2.413299764081252,7.105805443046969e-05,0.00017148438599312525,еженедельного
2.413299764081252,7.105805443046969e-05,0.00017148438599312525,сортировкой
2.413299764081252,7.105805443046969e-05,0.00017148438599312525,diningcity
2.413299764081252,7.105805443046969e-05,0.00017148438599312525,покупкам
2.413299764081252,7.105805443046969e-05,0.00017148438599312525,munimadrid
2.413299764081252,7.105805443046969e-05,0.00017148438599312525,чтениях
2.413299764081252,7.105805443046969e-05,0.00017148438599312525,автостоянками
2.413299764081252,7.105805443046969e-05,0.00017148438599312525,российско-испанских
2.413299764081252,7.105805443046969e-05,0.00017148438599312525,russianspain
2.413299764081252,7.105805443046969e-05,0.00017148438599312525,Посольством
2.413299764081252,7.105805443046969e-05,0.00017148438599312525,ispania
2.413299764081252,7.105805443046969e-05,0.00017148438599312525,подозвать
2.413299764081252,7.105805443046969e-05,0.00017148438599312525,многоязычного
2.413299764081252,7.105805443046969e-05,0.00017148438599312525,//spain
2.413299764081252,7.105805443046969e-05,0.00017148438599312525,счёта
2.413299764081252,7.105805443046969e-05,0.00017148438599312525,страховым
2.413299764081252,7.105805443046969e-05,0.00017148438599312525,Счёт
2.413299764081252,7.105805443046969e-05,0.00017148438599312525,подсаживаться
2.413299764081252,7.105805443046969e-05,0.00017148438599312525,адаптировано
2.413299764081252,7.105805443046969e-05,0.00017148438599312525,гастрономические
2.413299764081252,7.105805443046969e-05,0.00017148438599312525,электротехнике
2.413299764081252,7.105805443046969e-05,0.00017148438599312525,telebancos
2.413299764081252,7.105805443046969e-05,0.00017148438599312525,gismeteo
2.413299764081252,7.105805443046969e-05,0.00017148438599312525,ru/city/daily/1950
2.413299764081252,7.105805443046969e-05,0.00017148438599312525,Gismeteo
2.413299764081252,7.105805443046969e-05,0.00017148438599312525,elpais
2.413299764081252,7.105805443046969e-05,0.00017148438599312525,шорты
2.413299764081252,7.105805443046969e-05,0.00017148438599312525,одеваются
2.413299764081252,7.105805443046969e-05,0.00017148438599312525,Мадридцы
2.413299764081252,7.105805443046969e-05,0.00017148438599312525,щёки
2.413299764081252,7.105805443046969e-05,0.00017148438599312525,поцелуй
2.413299764081252,7.105805443046969e-05,0.00017148438599312525,приветственный
2.413299764081252,7.105805443046969e-05,0.00017148438599312525,охраняемыми
2.413299764081252,7.105805443046969e-05,0.00017148438599312525,estancos
2.413299764081252,7.105805443046969e-05,0.00017148438599312525,correos
2.413299764081252,7.105805443046969e-05,0.00017148438599312525,sellos
2.413299764081252,7.105805443046969e-05,0.00017148438599312525,serrano
2.413299764081252,7.105805443046969e-05,0.00017148438599312525,jam
2.413299764081252,7.105805443046969e-05,0.00017148438599312525,хамон
2.413299764081252,7.105805443046969e-05,0.00017148438599312525,chorizo
2.413299764081252,7.105805443046969e-05,0.00017148438599312525,torr
2.413299764081252,7.105805443046969e-05,0.00017148438599312525,рису
2.413299764081252,7.105805443046969e-05,0.00017148438599312525,жёлтый
2.413299764081252,7.105805443046969e-05,0.00017148438599312525,сковороды
2.413299764081252,7.105805443046969e-05,0.00017148438599312525,Практичны
2.413299764081252,7.105805443046969e-05,0.00017148438599312525,дешёвки
2.413299764081252,7.105805443046969e-05,0.00017148438599312525,издаваемой
2.413299764081252,7.105805443046969e-05,0.00017148438599312525,поровну
2.413299764081252,7.105805443046969e-05,0.00017148438599312525,aparcar
2.413299764081252,7.105805443046969e-05,0.00017148438599312525,толстая
2.413299764081252,7.105805443046969e-05,0.00017148438599312525,Мигель
2.413299764081252,7.105805443046969e-05,0.00017148438599312525,эмигрирует
2.413299764081252,7.105805443046969e-05,0.00017148438599312525,подует
2.413299764081252,7.105805443046969e-05,0.00017148438599312525,законодательству
2.413299764081252,7.105805443046969e-05,0.00017148438599312525,убежать
2.413299764081252,7.105805443046969e-05,0.00017148438599312525,всепроникающей
2.413299764081252,7.105805443046969e-05,0.00017148438599312525,Проблем
2.413299764081252,7.105805443046969e-05,0.00017148438599312525,spainvacru
2.413299764081252,7.105805443046969e-05,0.00017148438599312525,отчеканенных
2.413299764081252,7.105805443046969e-05,0.00017148438599312525,визовом
2.413299764081252,7.105805443046969e-05,0.00017148438599312525,визовых
2.413299764081252,7.105805443046969e-05,0.00017148438599312525,центах
2.413299764081252,7.105805443046969e-05,0.00017148438599312525,симпатизирует
2.413299764081252,7.105805443046969e-05,0.00017148438599312525,кодов
2.413299764081252,7.105805443046969e-05,0.00017148438599312525,тёплую
2.413299764081252,7.105805443046969e-05,0.00017148438599312525,среднесуточные
2.413299764081252,7.105805443046969e-05,0.00017148438599312525,Телефоны-автоматы
2.413299764081252,7.105805443046969e-05,0.00017148438599312525,Риего
2.413299764081252,7.105805443046969e-05,0.00017148438599312525,абонентов
2.413299764081252,7.105805443046969e-05,0.00017148438599312525,espvacua
2.413299764081252,7.105805443046969e-05,0.00017148438599312525,784-71-51
0.7900504736833514,0.00021317416329140907,0.00016841834868542983,движения
1.1828508427029778,0.00014211610886093938,0.00016810215912783027,счёт
0.5872249613804253,0.00028423221772187876,0.0001669082530748029,Св
0.5807908513750155,0.00028423221772187876,0.00016507947171889875,нужно
0.7698470875950644,0.00021317416329140907,0.00016411150876040594,меню
1.1345461631284228,0.00014211610886093938,0.00016123728602692003,сентябре
0.5559672676499834,0.00028423221772187876,0.0001580238094649281,случае
1.0910804693473326,0.00014211610886093938,0.00015506011075781036,барах
1.0910804693473326,0.00014211610886093938,0.00015506011075781036,русском
1.0910804693473326,0.00014211610886093938,0.00015506011075781036,туристические
0.5382385006895517,0.00028423221772187876,0.00015298472271429024,com
1.0708770832590455,0.00014211610886093938,0.00015218888414112776,визы
2.1122697684172707,7.105805443046969e-05,0.00015009378017603002,сумочками
2.1122697684172707,7.105805443046969e-05,0.00015009378017603002,официанта
2.1122697684172707,7.105805443046969e-05,0.00015009378017603002,королевском
2.1122697684172707,7.105805443046969e-05,0.00015009378017603002,невежливым
2.1122697684172707,7.105805443046969e-05,0.00015009378017603002,Успение
2.1122697684172707,7.105805443046969e-05,0.00015009378017603002,Abono
2.1122697684172707,7.105805443046969e-05,0.00015009378017603002,превышение
2.1122697684172707,7.105805443046969e-05,0.00015009378017603002,обгон
2.1122697684172707,7.105805443046969e-05,0.00015009378017603002,десятилетие
2.1122697684172707,7.105805443046969e-05,0.00015009378017603002,Воры-карманники
2.1122697684172707,7.105805443046969e-05,0.00015009378017603002,орудуют
2.1122697684172707,7.105805443046969e-05,0.00015009378017603002,гудки
2.1122697684172707,7.105805443046969e-05,0.00015009378017603002,паэльи
2.1122697684172707,7.105805443046969e-05,0.00015009378017603002,уважают
2.1122697684172707,7.105805443046969e-05,0.00015009378017603002,оплачивал
2.1122697684172707,7.105805443046969e-05,0.00015009378017603002,разовые
2.1122697684172707,7.105805443046969e-05,0.00015009378017603002,приятен
2.1122697684172707,7.105805443046969e-05,0.00015009378017603002,мягче
2.1122697684172707,7.105805443046969e-05,0.00015009378017603002,испанскому
2.1122697684172707,7.105805443046969e-05,0.00015009378017603002,длиться
2.1122697684172707,7.105805443046969e-05,0.00015009378017603002,интернет-портал
2.1122697684172707,7.105805443046969e-05,0.00015009378017603002,необъятные
2.1122697684172707,7.105805443046969e-05,0.00015009378017603002,museodelprado
2.1122697684172707,7.105805443046969e-05,0.00015009378017603002,поговорка
2.1122697684172707,7.105805443046969e-05,0.00015009378017603002,испаноязычного
2.1122697684172707,7.105805443046969e-05,0.00015009378017603002,еженедельных
2.1122697684172707,7.105805443046969e-05,0.00015009378017603002,зачатия
2.1122697684172707,7.105805443046969e-05,0.00015009378017603002,электронная
2.1122697684172707,7.105805443046969e-05,0.00015009378017603002,удалённых
2.1122697684172707,7.105805443046969e-05,0.00015009378017603002,выпускаются
2.1122697684172707,7.105805443046969e-05,0.00015009378017603002,автобусными
2.1122697684172707,7.105805443046969e-05,0.00015009378017603002,Испанском
2.1122697684172707,7.105805443046969e-05,0.00015009378017603002,Чистый
2.1122697684172707,7.105805443046969e-05,0.00015009378017603002,благосклонно
2.1122697684172707,7.105805443046969e-05,0.00015009378017603002,Almudena
2.1122697684172707,7.105805443046969e-05,0.00015009378017603002,Оформление
2.1122697684172707,7.105805443046969e-05,0.00015009378017603002,guiadelocio
2.1122697684172707,7.105805443046969e-05,0.00015009378017603002,отнесутся
2.1122697684172707,7.105805443046969e-05,0.00015009378017603002,параметрам
2.1122697684172707,7.105805443046969e-05,0.00015009378017603002,обсуждений
2.1122697684172707,7.105805443046969e-05,0.00015009378017603002,покровительницы
2.1122697684172707,7.105805443046969e-05,0.00015009378017603002,Обращайте
2.1122697684172707,7.105805443046969e-05,0.00015009378017603002,Особой
2.1122697684172707,7.105805443046969e-05,0.00015009378017603002,подлежат
2.1122697684172707,7.105805443046969e-05,0.00015009378017603002,выпуски
2.1122697684172707,7.105805443046969e-05,0.00015009378017603002,проезжающими
2.1122697684172707,7.105805443046969e-05,0.00015009378017603002,обеденное
2.1122697684172707,7.105805443046969e-05,0.00015009378017603002,местоположению
2.1122697684172707,7.105805443046969e-05,0.00015009378017603002,краже
2.1122697684172707,7.105805443046969e-05,0.00015009378017603002,символический
2.1122697684172707,7.105805443046969e-05,0.00015009378017603002,лёгкого
2.1122697684172707,7.105805443046969e-05,0.00015009378017603002,магнитолы
2.1122697684172707,7.105805443046969e-05,0.00015009378017603002,массе
2.1122697684172707,7.105805443046969e-05,0.00015009378017603002,непринуждённо
2.1122697684172707,7.105805443046969e-05,0.00015009378017603002,Barajas
2.1122697684172707,7.105805443046969e-05,0.00015009378017603002,нехитрые
2.1122697684172707,7.105805443046969e-05,0.00015009378017603002,справочного
2.1122697684172707,7.105805443046969e-05,0.00015009378017603002,католическим
2.1122697684172707,7.105805443046969e-05,0.00015009378017603002,Общий
2.1122697684172707,7.105805443046969e-05,0.00015009378017603002,Городское
2.1122697684172707,7.105805443046969e-05,0.00015009378017603002,русскоязычной
2.1122697684172707,7.105805443046969e-05,0.00015009378017603002,выбирается
2.1122697684172707,7.105805443046969e-05,0.00015009378017603002,шафран
2.1122697684172707,7.105805443046969e-05,0.00015009378017603002,отдыху
2.1122697684172707,7.105805443046969e-05,0.00015009378017603002,связях
2.1122697684172707,7.105805443046969e-05,0.00015009378017603002,эвакуации
2.1122697684172707,7.105805443046969e-05,0.00015009378017603002,nes
2.1122697684172707,7.105805443046969e-05,0.00015009378017603002,норма
2.1122697684172707,7.105805443046969e-05,0.00015009378017603002,тарифах
2.1122697684172707,7.105805443046969e-05,0.00015009378017603002,нервов
2.1122697684172707,7.105805443046969e-05,0.00015009378017603002,лёгкую
2.1122697684172707,7.105805443046969e-05,0.00015009378017603002,Оплата
2.1122697684172707,7.105805443046969e-05,0.00015009378017603002,спокойнее
2.1122697684172707,7.105805443046969e-05,0.00015009378017603002,звонке
2.1122697684172707,7.105805443046969e-05,0.00015009378017603002,пластиковым
2.1122697684172707,7.105805443046969e-05,0.00015009378017603002,Компостела
2.1122697684172707,7.105805443046969e-05,0.00015009378017603002,Ministerios
2.1122697684172707,7.105805443046969e-05,0.00015009378017603002,esmadrid
2.1122697684172707,7.105805443046969e-05,0.00015009378017603002,Водителям
2.1122697684172707,7.105805443046969e-05,0.00015009378017603002,актуальная
2.1122697684172707,7.105805443046969e-05,0.00015009378017603002,гостиницам
2.1122697684172707,7.105805443046969e-05,0.00015009378017603002,фильмах
2.1122697684172707,7.105805443046969e-05,0.00015009378017603002,справок
2.1122697684172707,7.105805443046969e-05,0.00015009378017603002,связью
2.1122697684172707,7.105805443046969e-05,0.00015009378017603002,пряная
2.1122697684172707,7.105805443046969e-05,0.00015009378017603002,сноровка
2.1122697684172707,7.105805443046969e-05,0.00015009378017603002,укажет
2.1122697684172707,7.105805443046969e-05,0.00015009378017603002,гостинцев
2.1122697684172707,7.105805443046969e-05,0.00015009378017603002,жилет
2.1122697684172707,7.105805443046969e-05,0.00015009378017603002,конкретные
2.1122697684172707,7.105805443046969e-05,0.00015009378017603002,поддерживаемый
2.1122697684172707,7.105805443046969e-05,0.00015009378017603002,884
2.1122697684172707,7.105805443046969e-05,0.00015009378017603002,346
2.1122697684172707,7.105805443046969e-05,0.00015009378017603002,районам
2.1122697684172707,7.105805443046969e-05,0.00015009378017603002,парковочные
2.1122697684172707,7.105805443046969e-05,0.00015009378017603002,календарём
2.1122697684172707,7.105805443046969e-05,0.00015009378017603002,протяжённость
2.1122697684172707,7.105805443046969e-05,0.00015009378017603002,Обращение
2.1122697684172707,7.105805443046969e-05,0.00015009378017603002,помечены
2.1122697684172707,7.105805443046969e-05,0.00015009378017603002,случаются
2.1122697684172707,7.105805443046969e-05,0.00015009378017603002,цифрами
2.1122697684172707,7.105805443046969e-05,0.00015009378017603002,избежание
2.1122697684172707,7.105805443046969e-05,0.00015009378017603002,погашения
2.1122697684172707,7.105805443046969e-05,0.00015009378017603002,жары
2.1122697684172707,7.105805443046969e-05,0.00015009378017603002,окраски
1.0515719280636588,0.00014211610886093938,0.00014944531060380285,труда
1.0515719280636588,0.00014211610886093938,0.00014944531060380285,граждан
0.6972964204464527,0.00021317416329140907,0.00014864558099476715,билеты
0.6890238944804628,0.00021317416329140907,0.00014688209219366078,следует
1.0330885223696458,0.00014211610886093938,0.0001468185209080716,ночные
1.0330885223696458,0.00014211610886093938,0.0001468185209080716,каждые
1.0330885223696458,0.00014211610886093938,0.0001468185209080716,оформления
0.6809060042582834,0.00021317416329140907,0.00014515156773785618,карты
1.0153597554092142,0.00014211610886093938,0.00014429897753275267,дороже
1.0153597554092142,0.00014211610886093938,0.00014429897753275267,высокие
1.0153597554092142,0.00014211610886093938,0.00014429897753275267,служба
0.504814745202602,0.00028423221772187876,0.00014348461456764074,имеет
0.9983264161104338,0.00014211610886093938,0.00014187826563070188,пределах
0.9983264161104338,0.00014211610886093938,0.00014187826563070188,San
0.9819359999222645,0.00014211610886093938,0.0001395489234594279,мае
0.3921104650113138,0.0003552902721523485,0.0001393130338276536,часто
0.6498717705183146,0.00021317416329140907,0.0001385358709269483,компании
1.9361785093615893,7.105805443046969e-05,0.00013758107790532147,повседневную
1.9361785093615893,7.105805443046969e-05,0.00013758107790532147,Pa
1.9361785093615893,7.105805443046969e-05,0.00013758107790532147,превышают
1.9361785093615893,7.105805443046969e-05,0.00013758107790532147,Курение
1.9361785093615893,7.105805443046969e-05,0.00013758107790532147,исп
1.9361785093615893,7.105805443046969e-05,0.00013758107790532147,полёт
1.9361785093615893,7.105805443046969e-05,0.00013758107790532147,мадридцев
1.9361785093615893,7.105805443046969e-05,0.00013758107790532147,восприятия
1.9361785093615893,7.105805443046969e-05,0.00013758107790532147,меньших
1.9361785093615893,7.105805443046969e-05,0.00013758107790532147,Isidro
1.9361785093615893,7.105805443046969e-05,0.00013758107790532147,воскресные
1.9361785093615893,7.105805443046969e-05,0.00013758107790532147,парковка
1.9361785093615893,7.105805443046969e-05,0.00013758107790532147,Трёх
1.9361785093615893,7.105805443046969e-05,0.00013758107790532147,компакт-дисков
1.9361785093615893,7.105805443046969e-05,0.00013758107790532147,церковным
1.9361785093615893,7.105805443046969e-05,0.00013758107790532147,прогноз
1.9361785093615893,7.105805443046969e-05,0.00013758107790532147,способе
1.9361785093615893,7.105805443046969e-05,0.00013758107790532147,обстоятельствах
1.9361785093615893,7.105805443046969e-05,0.00013758107790532147,Nuevos
1.9361785093615893,7.105805443046969e-05,0.00013758107790532147,концертах
1.9361785093615893,7.105805443046969e-05,0.00013758107790532147,недороги
1.9361785093615893,7.105805443046969e-05,0.00013758107790532147,Непорочного
1.9361785093615893,7.105805443046969e-05,0.00013758107790532147,Бордо
1.9361785093615893,7.105805443046969e-05,0.00013758107790532147,просматриваются
1.9361785093615893,7.105805443046969e-05,0.00013758107790532147,привычки
1.9361785093615893,7.105805443046969e-05,0.00013758107790532147,Turistico
1.9361785093615893,7.105805443046969e-05,0.00013758107790532147,придаёт
1.9361785093615893,7.105805443046969e-05,0.00013758107790532147,отделений
1.9361785093615893,7.105805443046969e-05,0.00013758107790532147,Международные
1.9361785093615893,7.105805443046969e-05,0.00013758107790532147,Oficina
1.9361785093615893,7.105805443046969e-05,0.00013758107790532147,Русская
1.9361785093615893,7.105805443046969e-05,0.00013758107790532147,больницах
1.9361785093615893,7.105805443046969e-05,0.00013758107790532147,произвольно
1.9361785093615893,7.105805443046969e-05,0.00013758107790532147,сласти
1.9361785093615893,7.105805443046969e-05,0.00013758107790532147,Подробная
1.9361785093615893,7.105805443046969e-05,0.00013758107790532147,возмещения
1.9361785093615893,7.105805443046969e-05,0.00013758107790532147,культурному
1.9361785093615893,7.105805443046969e-05,0.00013758107790532147,гостиничном
1.9361785093615893,7.105805443046969e-05,0.00013758107790532147,имейте
1.9361785093615893,7.105805443046969e-05,0.00013758107790532147,мёда
1.9361785093615893,7.105805443046969e-05,0.00013758107790532147,информативный
1.9361785093615893,7.105805443046969e-05,0.00013758107790532147,Банкоматы
1.9361785093615893,7.105805443046969e-05,0.00013758107790532147,картам
1.9361785093615893,7.105805443046969e-05,0.00013758107790532147,мобильной
1.9361785093615893,7.105805443046969e-05,0.00013758107790532147,Осторожно
1.9361785093615893,7.105805443046969e-05,0.00013758107790532147,инструкциям
1.9361785093615893,7.105805443046969e-05,0.00013758107790532147,скажешь
1.9361785093615893,7.105805443046969e-05,0.00013758107790532147,покидает
1.9361785093615893,7.105805443046969e-05,0.00013758107790532147,заболевания
1.9361785093615893,7.105805443046969e-05,0.00013758107790532147,шенгенскую
1.9361785093615893,7.105805443046969e-05,0.00013758107790532147,Сравнительно
1.9361785093615893,7.105805443046969e-05,0.00013758107790532147,прохождения
1.9361785093615893,7.105805443046969e-05,0.00013758107790532147,смириться
1.9361785093615893,7.105805443046969e-05,0.00013758107790532147,машинах
1.9361785093615893,7.105805443046969e-05,0.00013758107790532147,возмещение
1.9361785093615893,7.105805443046969e-05,0.00013758107790532147,оплачивает
1.9361785093615893,7.105805443046969e-05,0.00013758107790532147,населённых
1.9361785093615893,7.105805443046969e-05,0.00013758107790532147,сойти
1.9361785093615893,7.105805443046969e-05,0.00013758107790532147,куртки
1.9361785093615893,7.105805443046969e-05,0.00013758107790532147,Ограничения
1.9361785093615893,7.105805443046969e-05,0.00013758107790532147,ФК
1.9361785093615893,7.105805443046969e-05,0.00013758107790532147,парковку
1.9361785093615893,7.105805443046969e-05,0.00013758107790532147,привозят
1.9361785093615893,7.105805443046969e-05,0.00013758107790532147,грабителей
1.9361785093615893,7.105805443046969e-05,0.00013758107790532147,телефонный
1.9361785093615893,7.105805443046969e-05,0.00013758107790532147,Кибелы
1.9361785093615893,7.105805443046969e-05,0.00013758107790532147,пристрастиям
1.9361785093615893,7.105805443046969e-05,0.00013758107790532147,дневная
1.9361785093615893,7.105805443046969e-05,0.00013758107790532147,маршрутами
1.9361785093615893,7.105805443046969e-05,0.00013758107790532147,Cibeles
0.9661417327390326,0.00014211610886093938,0.00013730430366503695,составляют
0.9661417327390326,0.00014211610886093938,0.00013730430366503695,крупные
0.6351485136976082,0.00021317416329140907,0.00013539725297326968,мая
0.9509017661822957,0.00014211610886093938,0.00013513845891882265,воспользоваться
0.9509017661822957,0.00014211610886093938,0.00013513845891882265,минимум
0.463909757436339,0.00028423221772187876,0.00013185809917894947,тому
0.9219380702469792,0.00014211610886093938,0.00013102225115426406,del
0.9219380702469792,0.00014211610886093938,0.00013102225115426406,мин
0.9219380702469792,0.00014211610886093938,0.00013102225115426406,значительно
0.9219380702469792,0.00014211610886093938,0.00013102225115426406,документов
1.8112397727532894,7.105805443046969e-05,0.0001287031743589348,колбаса
1.8112397727532894,7.105805443046969e-05,0.0001287031743589348,звук
1.8112397727532894,7.105805443046969e-05,0.0001287031743589348,чужом
1.8112397727532894,7.105805443046969e-05,0.0001287031743589348,Европейского
1.8112397727532894,7.105805443046969e-05,0.0001287031743589348,чужой
1.8112397727532894,7.105805443046969e-05,0.0001287031743589348,талон
1.8112397727532894,7.105805443046969e-05,0.0001287031743589348,полученные
1.8112397727532894,7.105805443046969e-05,0.0001287031743589348,куртка
1.8112397727532894,7.105805443046969e-05,0.0001287031743589348,миндаля
1.8112397727532894,7.105805443046969e-05,0.0001287031743589348,стадионе
1.8112397727532894,7.105805443046969e-05,0.0001287031743589348,безопаснее
1.8112397727532894,7.105805443046969e-05,0.0001287031743589348,туристическими
1.8112397727532894,7.105805443046969e-05,0.0001287031743589348,полные
1.8112397727532894,7.105805443046969e-05,0.0001287031743589348,знаками
1.8112397727532894,7.105805443046969e-05,0.0001287031743589348,расписании
1.8112397727532894,7.105805443046969e-05,0.0001287031743589348,полезные
1.8112397727532894,7.105805443046969e-05,0.0001287031743589348,отличаться
1.8112397727532894,7.105805443046969e-05,0.0001287031743589348,Стоянка
1.8112397727532894,7.105805443046969e-05,0.0001287031743589348,тарифных
1.8112397727532894,7.105805443046969e-05,0.0001287031743589348,сложнее
1.8112397727532894,7.105805443046969e-05,0.0001287031743589348,точности
1.8112397727532894,7.105805443046969e-05,0.0001287031743589348,обычное
1.8112397727532894,7.105805443046969e-05,0.0001287031743589348,хозяйстве
1.8112397727532894,7.105805443046969e-05,0.0001287031743589348,кулинарным
1.8112397727532894,7.105805443046969e-05,0.0001287031743589348,прохождении
1.8112397727532894,7.105805443046969e-05,0.0001287031743589348,официант
1.8112397727532894,7.105805443046969e-05,0.0001287031743589348,правилами
1.8112397727532894,7.105805443046969e-05,0.0001287031743589348,собственности
1.8112397727532894,7.105805443046969e-05,0.0001287031743589348,Карлос
1.8112397727532894,7.105805443046969e-05,0.0001287031743589348,зелёным
1.8112397727532894,7.105805443046969e-05,0.0001287031743589348,Col
1.8112397727532894,7.105805443046969e-05,0.0001287031743589348,телефонами
1.8112397727532894,7.105805443046969e-05,0.0001287031743589348,скорой
1.8112397727532894,7.105805443046969e-05,0.0001287031743589348,конечная
1.8112397727532894,7.105805443046969e-05,0.0001287031743589348,справочная
1.8112397727532894,7.105805443046969e-05,0.0001287031743589348,иностранцев
1.8112397727532894,7.105805443046969e-05,0.0001287031743589348,Растро
1.8112397727532894,7.105805443046969e-05,0.0001287031743589348,вперёд
1.8112397727532894,7.105805443046969e-05,0.0001287031743589348,доступности
1.8112397727532894,7.105805443046969e-05,0.0001287031743589348,Исидора
1.8112397727532894,7.105805443046969e-05,0.0001287031743589348,Подготовка
1.8112397727532894,7.105805443046969e-05,0.0001287031743589348,915
1.8112397727532894,7.105805443046969e-05,0.0001287031743589348,блошином
1.8112397727532894,7.105805443046969e-05,0.0001287031743589348,изображён
1.8112397727532894,7.105805443046969e-05,0.0001287031743589348,Santiago
1.8112397727532894,7.105805443046969e-05,0.0001287031743589348,диаспоры
1.8112397727532894,7.105805443046969e-05,0.0001287031743589348,курения
1.8112397727532894,7.105805443046969e-05,0.0001287031743589348,Аптеки
1.8112397727532894,7.105805443046969e-05,0.0001287031743589348,единой
1.8112397727532894,7.105805443046969e-05,0.0001287031743589348,медицинскую
1.8112397727532894,7.105805443046969e-05,0.0001287031743589348,покрытием
1.8112397727532894,7.105805443046969e-05,0.0001287031743589348,Максимальная
1.8112397727532894,7.105805443046969e-05,0.0001287031743589348,временных
1.8112397727532894,7.105805443046969e-05,0.0001287031743589348,нервы
1.8112397727532894,7.105805443046969e-05,0.0001287031743589348,выдадут
1.8112397727532894,7.105805443046969e-05,0.0001287031743589348,Мадриду
1.8112397727532894,7.105805443046969e-05,0.0001287031743589348,следуйте
1.8112397727532894,7.105805443046969e-05,0.0001287031743589348,иностранцам
1.8112397727532894,7.105805443046969e-05,0.0001287031743589348,страница
1.8112397727532894,7.105805443046969e-05,0.0001287031743589348,конституции
1.8112397727532894,7.105805443046969e-05,0.0001287031743589348,Иосифа
1.8112397727532894,7.105805443046969e-05,0.0001287031743589348,Mundo
1.8112397727532894,7.105805443046969e-05,0.0001287031743589348,Газеты
1.8112397727532894,7.105805443046969e-05,0.0001287031743589348,Сантъяго
1.8112397727532894,7.105805443046969e-05,0.0001287031743589348,актуальной
0.8947858242033644,0.00014211610886093938,0.0001271634795997107,либо
0.8818208470389967,0.00014211610886093938,0.00012532094749363983,минут
0.8818208470389967,0.00014211610886093938,0.00012532094749363983,Более
0.8818208470389967,0.00014211610886093938,0.00012532094749363983,информация
0.8818208470389967,0.00014211610886093938,0.00012532094749363983,Пн-Пт
0.8692317197309762,0.00014211610886093938,0.00012353182970666898,la
1.714329759745233,7.105805443046969e-05,0.0001218169373797508,вовремя
1.714329759745233,7.105805443046969e-05,0.0001218169373797508,полосы
1.714329759745233,7.105805443046969e-05,0.0001218169373797508,международным
1.714329759745233,7.105805443046969e-05,0.0001218169373797508,второстепенных
1.714329759745233,7.105805443046969e-05,0.0001218169373797508,платные
1.714329759745233,7.105805443046969e-05,0.0001218169373797508,ветчина
1.714329759745233,7.105805443046969e-05,0.0001218169373797508,Красивый
1.714329759745233,7.105805443046969e-05,0.0001218169373797508,снять
1.714329759745233,7.105805443046969e-05,0.0001218169373797508,испанская
1.714329759745233,7.105805443046969e-05,0.0001218169373797508,мессы
1.714329759745233,7.105805443046969e-05,0.0001218169373797508,поворот
1.714329759745233,7.105805443046969e-05,0.0001218169373797508,тема
1.714329759745233,7.105805443046969e-05,0.0001218169373797508,недорогое
1.714329759745233,7.105805443046969e-05,0.0001218169373797508,правами
1.714329759745233,7.105805443046969e-05,0.0001218169373797508,Господня
1.714329759745233,7.105805443046969e-05,0.0001218169373797508,медицинских
1.714329759745233,7.105805443046969e-05,0.0001218169373797508,знаки
1.714329759745233,7.105805443046969e-05,0.0001218169373797508,полицейского
1.714329759745233,7.105805443046969e-05,0.0001218169373797508,хождение
1.714329759745233,7.105805443046969e-05,0.0001218169373797508,сейфе
1.714329759745233,7.105805443046969e-05,0.0001218169373797508,Сервантес
1.714329759745233,7.105805443046969e-05,0.0001218169373797508,голос
1.714329759745233,7.105805443046969e-05,0.0001218169373797508,умирает
1.714329759745233,7.105805443046969e-05,0.0001218169373797508,штрафы
1.714329759745233,7.105805443046969e-05,0.0001218169373797508,центов
1.714329759745233,7.105805443046969e-05,0.0001218169373797508,кто-нибудь
1.714329759745233,7.105805443046969e-05,0.0001218169373797508,Цена
1.714329759745233,7.105805443046969e-05,0.0001218169373797508,ближайшие
1.714329759745233,7.105805443046969e-05,0.0001218169373797508,предосторожности
1.714329759745233,7.105805443046969e-05,0.0001218169373797508,планирует
1.714329759745233,7.105805443046969e-05,0.0001218169373797508,синим
1.714329759745233,7.105805443046969e-05,0.0001218169373797508,пятница
1.714329759745233,7.105805443046969e-05,0.0001218169373797508,выставках
1.714329759745233,7.105805443046969e-05,0.0001218169373797508,Бары
1.714329759745233,7.105805443046969e-05,0.0001218169373797508,каких
1.714329759745233,7.105805443046969e-05,0.0001218169373797508,достигать
1.714329759745233,7.105805443046969e-05,0.0001218169373797508,дневные
1.714329759745233,7.105805443046969e-05,0.0001218169373797508,скрываются
1.714329759745233,7.105805443046969e-05,0.0001218169373797508,набором
1.714329759745233,7.105805443046969e-05,0.0001218169373797508,решать
1.714329759745233,7.105805443046969e-05,0.0001218169373797508,временной
1.714329759745233,7.105805443046969e-05,0.0001218169373797508,men
1.714329759745233,7.105805443046969e-05,0.0001218169373797508,парковки
1.714329759745233,7.105805443046969e-05,0.0001218169373797508,необходимым
1.714329759745233,7.105805443046969e-05,0.0001218169373797508,категорически
1.714329759745233,7.105805443046969e-05,0.0001218169373797508,низкие
1.714329759745233,7.105805443046969e-05,0.0001218169373797508,Альмудены
1.714329759745233,7.105805443046969e-05,0.0001218169373797508,потери
0.8450980400142568,0.00014211610886093938,0.00012010204505283262,ru
1.6351485136976083,7.105805443046969e-05,0.00011619047208822626,коды
1.6351485136976083,7.105805443046969e-05,0.00011619047208822626,ассортиментом
1.6351485136976083,7.105805443046969e-05,0.00011619047208822626,обозначены
1.6351485136976083,7.105805443046969e-05,0.00011619047208822626,вывеской
1.6351485136976083,7.105805443046969e-05,0.00011619047208822626,стоящего
1.6351485136976083,7.105805443046969e-05,0.00011619047208822626,оживлённой
1.6351485136976083,7.105805443046969e-05,0.00011619047208822626,прибывают
1.6351485136976083,7.105805443046969e-05,0.00011619047208822626,цветом
1.6351485136976083,7.105805443046969e-05,0.00011619047208822626,оформляется
1.6351485136976083,7.105805443046969e-05,0.00011619047208822626,ветер
1.6351485136976083,7.105805443046969e-05,0.00011619047208822626,Ретиро
1.6351485136976083,7.105805443046969e-05,0.00011619047208822626,подробной
1.6351485136976083,7.105805443046969e-05,0.00011619047208822626,четверть
1.6351485136976083,7.105805443046969e-05,0.00011619047208822626,шиком
1.6351485136976083,7.105805443046969e-05,0.00011619047208822626,Реал
1.6351485136976083,7.105805443046969e-05,0.00011619047208822626,столиком
1.6351485136976083,7.105805443046969e-05,0.00011619047208822626,покупают
1.6351485136976083,7.105805443046969e-05,0.00011619047208822626,сроком
1.6351485136976083,7.105805443046969e-05,0.00011619047208822626,ресторанам
1.6351485136976083,7.105805443046969e-05,0.00011619047208822626,Иакова
1.6351485136976083,7.105805443046969e-05,0.00011619047208822626,представительства
1.6351485136976083,7.105805443046969e-05,0.00011619047208822626,связаться
1.6351485136976083,7.105805443046969e-05,0.00011619047208822626,обратный
1.6351485136976083,7.105805443046969e-05,0.00011619047208822626,автобусами
1.6351485136976083,7.105805443046969e-05,0.00011619047208822626,Тела
1.6351485136976083,7.105805443046969e-05,0.00011619047208822626,Alto
1.6351485136976083,7.105805443046969e-05,0.00011619047208822626,постоянные
1.6351485136976083,7.105805443046969e-05,0.00011619047208822626,Сеть
1.6351485136976083,7.105805443046969e-05,0.00011619047208822626,многократная
1.6351485136976083,7.105805443046969e-05,0.00011619047208822626,зимнего
1.6351485136976083,7.105805443046969e-05,0.00011619047208822626,устремляются
1.6351485136976083,7.105805443046969e-05,0.00011619047208822626,универмаге
1.6351485136976083,7.105805443046969e-05,0.00011619047208822626,частые
0.4046995923193342,0.00028423221772187876,0.00011502866263606457,об
0.5382385006895517,0.00021317416329140907,0.00011473854203571769,метро
0.8005159073615163,0.00014211610886093938,0.00011376620583550292,нельзя
0.7900504736833514,0.00014211610886093938,0.00011227889912361989,января
1.568201724066995,7.105805443046969e-05,0.00011143336346670893,Хуан
1.568201724066995,7.105805443046969e-05,0.00011143336346670893,Прадо
1.568201724066995,7.105805443046969e-05,0.00011143336346670893,Чаевые
1.568201724066995,7.105805443046969e-05,0.00011143336346670893,следующих
1.568201724066995,7.105805443046969e-05,0.00011143336346670893,расходов
1.568201724066995,7.105805443046969e-05,0.00011143336346670893,выдавшей
1.568201724066995,7.105805443046969e-05,0.00011143336346670893,страхования
1.568201724066995,7.105805443046969e-05,0.00011143336346670893,отделениях
1.568201724066995,7.105805443046969e-05,0.00011143336346670893,пара
1.568201724066995,7.105805443046969e-05,0.00011143336346670893,террасе
1.568201724066995,7.105805443046969e-05,0.00011143336346670893,красным
1.568201724066995,7.105805443046969e-05,0.00011143336346670893,пригороды
1.568201724066995,7.105805443046969e-05,0.00011143336346670893,противном
1.568201724066995,7.105805443046969e-05,0.00011143336346670893,обычной
1.568201724066995,7.105805443046969e-05,0.00011143336346670893,полуночников
1.568201724066995,7.105805443046969e-05,0.00011143336346670893,русская
1.568201724066995,7.105805443046969e-05,0.00011143336346670893,обслуживают
1.568201724066995,7.105805443046969e-05,0.00011143336346670893,платный
1.568201724066995,7.105805443046969e-05,0.00011143336346670893,стоимостью
1.568201724066995,7.105805443046969e-05,0.00011143336346670893,хранить
1.568201724066995,7.105805443046969e-05,0.00011143336346670893,областях
1.568201724066995,7.105805443046969e-05,0.00011143336346670893,членом
1.568201724066995,7.105805443046969e-05,0.00011143336346670893,Климат
1.568201724066995,7.105805443046969e-05,0.00011143336346670893,Украине
1.568201724066995,7.105805443046969e-05,0.00011143336346670893,портала
1.568201724066995,7.105805443046969e-05,0.00011143336346670893,неделя
1.568201724066995,7.105805443046969e-05,0.00011143336346670893,0375
1.568201724066995,7.105805443046969e-05,0.00011143336346670893,0380
1.568201724066995,7.105805443046969e-05,0.00011143336346670893,разобраться
1.568201724066995,7.105805443046969e-05,0.00011143336346670893,работающий
1.568201724066995,7.105805443046969e-05,0.00011143336346670893,неприятностей
1.568201724066995,7.105805443046969e-05,0.00011143336346670893,страховку
1.568201724066995,7.105805443046969e-05,0.00011143336346670893,курить
1.568201724066995,7.105805443046969e-05,0.00011143336346670893,придётся
1.568201724066995,7.105805443046969e-05,0.00011143336346670893,явление
1.568201724066995,7.105805443046969e-05,0.00011143336346670893,газет
0.5102097770893083,0.00021317416329140907,0.00010876354233410962,100
0.21740011167201811,0.0004974063810132878,0.00010813620277866316,2
1.5102097770893081,7.105805443046969e-05,0.00010731256854183956,особая
1.5102097770893081,7.105805443046969e-05,0.00010731256854183956,датой
1.5102097770893081,7.105805443046969e-05,0.00010731256854183956,Проезд
1.5102097770893081,7.105805443046969e-05,0.00010731256854183956,нужны
1.5102097770893081,7.105805443046969e-05,0.00010731256854183956,кто-то
1.5102097770893081,7.105805443046969e-05,0.00010731256854183956,ходу
1.5102097770893081,7.105805443046969e-05,0.00010731256854183956,дорожные
1.5102097770893081,7.105805443046969e-05,0.00010731256854183956,шенгенская
1.5102097770893081,7.105805443046969e-05,0.00010731256854183956,перцем
1.5102097770893081,7.105805443046969e-05,0.00010731256854183956,визовый
1.5102097770893081,7.105805443046969e-05,0.00010731256854183956,посещении
1.5102097770893081,7.105805443046969e-05,0.00010731256854183956,Барселона
1.5102097770893081,7.105805443046969e-05,0.00010731256854183956,испанском
1.5102097770893081,7.105805443046969e-05,0.00010731256854183956,обычных
1.5102097770893081,7.105805443046969e-05,0.00010731256854183956,Испанию
1.5102097770893081,7.105805443046969e-05,0.00010731256854183956,договора
1.5102097770893081,7.105805443046969e-05,0.00010731256854183956,разбиты
1.5102097770893081,7.105805443046969e-05,0.00010731256854183956,Федерации
1.5102097770893081,7.105805443046969e-05,0.00010731256854183956,побережью
1.5102097770893081,7.105805443046969e-05,0.00010731256854183956,9-20
1.5102097770893081,7.105805443046969e-05,0.00010731256854183956,потребуется
1.5102097770893081,7.105805443046969e-05,0.00010731256854183956,позволяющий
1.5102097770893081,7.105805443046969e-05,0.00010731256854183956,наружной
1.5102097770893081,7.105805443046969e-05,0.00010731256854183956,007
1.5102097770893081,7.105805443046969e-05,0.00010731256854183956,этими
1.5102097770893081,7.105805443046969e-05,0.00010731256854183956,вдвое
1.5102097770893081,7.105805443046969e-05,0.00010731256854183956,дорожного
1.5102097770893081,7.105805443046969e-05,0.00010731256854183956,путешествуете
1.5102097770893081,7.105805443046969e-05,0.00010731256854183956,автовокзал
1.5102097770893081,7.105805443046969e-05,0.00010731256854183956,погоды
0.7505419323996777,0.00014211610886093938,0.0001066640989696124,составляет
0.7505419323996777,0.00014211610886093938,0.0001066640989696124,относятся
0.7412019061455344,0.00014211610886093938,0.00010533673078171454,принято
0.2960284684254876,0.0003552902721523485,0.00010517603511173439,6
0.7320585267056646,0.00014211610886093938,0.00010403730927388113,ноября
1.459057254641927,7.105805443046969e-05,0.00010367776981751772,погода
1.459057254641927,7.105805443046969e-05,0.00010367776981751772,информацией
1.459057254641927,7.105805443046969e-05,0.00010367776981751772,соответствующие
1.459057254641927,7.105805443046969e-05,0.00010367776981751772,дневное
1.459057254641927,7.105805443046969e-05,0.00010367776981751772,Союза
1.459057254641927,7.105805443046969e-05,0.00010367776981751772,поездкой
1.459057254641927,7.105805443046969e-05,0.00010367776981751772,меры
1.459057254641927,7.105805443046969e-05,0.00010367776981751772,алкоголя
1.459057254641927,7.105805443046969e-05,0.00010367776981751772,путешествию
1.459057254641927,7.105805443046969e-05,0.00010367776981751772,автомобили
1.459057254641927,7.105805443046969e-05,0.00010367776981751772,паспорта
1.459057254641927,7.105805443046969e-05,0.00010367776981751772,обращайтесь
1.459057254641927,7.105805443046969e-05,0.00010367776981751772,личного
1.459057254641927,7.105805443046969e-05,0.00010367776981751772,Рождество
1.459057254641927,7.105805443046969e-05,0.00010367776981751772,крестом
1.459057254641927,7.105805443046969e-05,0.00010367776981751772,проездной
1.459057254641927,7.105805443046969e-05,0.00010367776981751772,сувенирных
1.459057254641927,7.105805443046969e-05,0.00010367776981751772,остановке
1.459057254641927,7.105805443046969e-05,0.00010367776981751772,крови
1.459057254641927,7.105805443046969e-05,0.00010367776981751772,использования
1.459057254641927,7.105805443046969e-05,0.00010367776981751772,знакомства
0.24303804868629444,0.00042634832658281814,0.00010361886535335512,Для
0.3640817414110702,0.00028423221772187876,0.00010348376079331207,если
1.413299764081252,7.105805443046969e-05,0.00010042633156265556,los
1.413299764081252,7.105805443046969e-05,0.00010042633156265556,быстрее
1.413299764081252,7.105805443046969e-05,0.00010042633156265556,хотят
1.413299764081252,7.105805443046969e-05,0.00010042633156265556,Рестораны
1.413299764081252,7.105805443046969e-05,0.00010042633156265556,отношению
1.413299764081252,7.105805443046969e-05,0.00010042633156265556,иностранные
1.413299764081252,7.105805443046969e-05,0.00010042633156265556,Чаще
1.413299764081252,7.105805443046969e-05,0.00010042633156265556,гостиниц
1.413299764081252,7.105805443046969e-05,0.00010042633156265556,действовать
1.413299764081252,7.105805443046969e-05,0.00010042633156265556,кулинарных
1.413299764081252,7.105805443046969e-05,0.00010042633156265556,Почтовые
1.413299764081252,7.105805443046969e-05,0.00010042633156265556,марки
1.413299764081252,7.105805443046969e-05,0.00010042633156265556,ты
1.413299764081252,7.105805443046969e-05,0.00010042633156265556,обозначения
1.413299764081252,7.105805443046969e-05,0.00010042633156265556,9-13
1.413299764081252,7.105805443046969e-05,0.00010042633156265556,производится
1.413299764081252,7.105805443046969e-05,0.00010042633156265556,1828
1.413299764081252,7.105805443046969e-05,0.00010042633156265556,Часы
0.7057295879833154,0.00014211610886093938,0.00010029554295222275,вещи
0.6972964204464527,0.00014211610886093938,9.909705399651142e-05,против
0.463909757436339,0.00021317416329140907,9.88935743842121e-05,будет
1.3719070789230268,7.105805443046969e-05,9.748504788765911e-05,ждать
1.3719070789230268,7.105805443046969e-05,9.748504788765911e-05,четверг
1.3719070789230268,7.105805443046969e-05,9.748504788765911e-05,восточнее
1.3719070789230268,7.105805443046969e-05,9.748504788765911e-05,таблички
1.3719070789230268,7.105805443046969e-05,9.748504788765911e-05,страховой
1.3719070789230268,7.105805443046969e-05,9.748504788765911e-05,Граждане
1.3719070789230268,7.105805443046969e-05,9.748504788765911e-05,495
1.3719070789230268,7.105805443046969e-05,9.748504788765911e-05,телефон
1.3719070789230268,7.105805443046969e-05,9.748504788765911e-05,восстания
1.3719070789230268,7.105805443046969e-05,9.748504788765911e-05,разным
1.3719070789230268,7.105805443046969e-05,9.748504788765911e-05,контроль
1.3719070789230268,7.105805443046969e-05,9.748504788765911e-05,последним
1.3719070789230268,7.105805443046969e-05,9.748504788765911e-05,ездить
1.3719070789230268,7.105805443046969e-05,9.748504788765911e-05,камни
1.3719070789230268,7.105805443046969e-05,9.748504788765911e-05,гражданам
0.4448168155273167,0.00021317416329140907,9.48234524679848e-05,ещё
1.334118518033627,7.105805443046969e-05,9.479986627113103e-05,пунктов
1.334118518033627,7.105805443046969e-05,9.479986627113103e-05,ЕС
1.334118518033627,7.105805443046969e-05,9.479986627113103e-05,сесть
1.334118518033627,7.105805443046969e-05,9.479986627113103e-05,днём
1.334118518033627,7.105805443046969e-05,9.479986627113103e-05,российские
1.334118518033627,7.105805443046969e-05,9.479986627113103e-05,международный
1.334118518033627,7.105805443046969e-05,9.479986627113103e-05,делится
1.334118518033627,7.105805443046969e-05,9.479986627113103e-05,Jos
1.334118518033627,7.105805443046969e-05,9.479986627113103e-05,Гойя
1.334118518033627,7.105805443046969e-05,9.479986627113103e-05,расписание
1.334118518033627,7.105805443046969e-05,9.479986627113103e-05,al
1.334118518033627,7.105805443046969e-05,9.479986627113103e-05,Такие
1.334118518033627,7.105805443046969e-05,9.479986627113103e-05,важных
1.299356411774415,7.105805443046969e-05,9.232973863244617e-05,хорошим
1.299356411774415,7.105805443046969e-05,9.232973863244617e-05,изнутри
1.299356411774415,7.105805443046969e-05,9.232973863244617e-05,центров
1.299356411774415,7.105805443046969e-05,9.232973863244617e-05,Центральной
1.299356411774415,7.105805443046969e-05,9.232973863244617e-05,2007
1.299356411774415,7.105805443046969e-05,9.232973863244617e-05,недорого
1.299356411774415,7.105805443046969e-05,9.232973863244617e-05,ночной
1.299356411774415,7.105805443046969e-05,9.232973863244617e-05,берут
1.299356411774415,7.105805443046969e-05,9.232973863244617e-05,выходных
1.299356411774415,7.105805443046969e-05,9.232973863244617e-05,Metro
1.299356411774415,7.105805443046969e-05,9.232973863244617e-05,отделения
1.299356411774415,7.105805443046969e-05,9.232973863244617e-05,Кредитные
1.299356411774415,7.105805443046969e-05,9.232973863244617e-05,испанской
1.299356411774415,7.105805443046969e-05,9.232973863244617e-05,Богородицы
1.299356411774415,7.105805443046969e-05,9.232973863244617e-05,длится
1.299356411774415,7.105805443046969e-05,9.232973863244617e-05,зданиях
1.299356411774415,7.105805443046969e-05,9.232973863244617e-05,столик
1.299356411774415,7.105805443046969e-05,9.232973863244617e-05,визу
1.299356411774415,7.105805443046969e-05,9.232973863244617e-05,необходима
1.299356411774415,7.105805443046969e-05,9.232973863244617e-05,побольше
0.1854130594675783,0.0004974063810132878,9.222563890236964e-05,всех
1.2671717284030137,7.105805443046969e-05,9.00427576496137e-05,проблемы
1.2671717284030137,7.105805443046969e-05,9.00427576496137e-05,посольство
1.2671717284030137,7.105805443046969e-05,9.00427576496137e-05,агентства
1.2671717284030137,7.105805443046969e-05,9.00427576496137e-05,общественном
1.2671717284030137,7.105805443046969e-05,9.00427576496137e-05,обращаться
1.2671717284030137,7.105805443046969e-05,9.00427576496137e-05,километров
1.2671717284030137,7.105805443046969e-05,9.00427576496137e-05,свободное
1.2671717284030137,7.105805443046969e-05,9.00427576496137e-05,автомобиле
0.6279699290704848,0.00014211610886093938,8.92446428011774e-05,первого
1.2372085050255706,7.105805443046969e-05,8.791362929194703e-05,повсюду
1.2372085050255706,7.105805443046969e-05,8.791362929194703e-05,отличаются
1.2372085050255706,7.105805443046969e-05,8.791362929194703e-05,Москву
1.2372085050255706,7.105805443046969e-05,8.791362929194703e-05,остановка
1.2372085050255706,7.105805443046969e-05,8.791362929194703e-05,ознакомиться
1.2372085050255706,7.105805443046969e-05,8.791362929194703e-05,гостиницах
1.2372085050255706,7.105805443046969e-05,8.791362929194703e-05,гласит
1.2372085050255706,7.105805443046969e-05,8.791362929194703e-05,популярностью
1.2372085050255706,7.105805443046969e-05,8.791362929194703e-05,Часто
1.2372085050255706,7.105805443046969e-05,8.791362929194703e-05,сувениров
1.2372085050255706,7.105805443046969e-05,8.791362929194703e-05,следования
0.4089783902986093,0.00021317416329140907,8.718362615617336e-05,м
0.6071197900973646,0.00014211610886093938,8.628150218110773e-05,работает
1.2091797814253271,7.105805443046969e-05,8.592196272474433e-05,случаев
1.2091797814253271,7.105805443046969e-05,8.592196272474433e-05,знают
1.2091797814253271,7.105805443046969e-05,8.592196272474433e-05,оказаться
1.2091797814253271,7.105805443046969e-05,8.592196272474433e-05,dos
1.2091797814253271,7.105805443046969e-05,8.592196272474433e-05,очарование
1.2091797814253271,7.105805443046969e-05,8.592196272474433e-05,своя
1.2091797814253271,7.105805443046969e-05,8.592196272474433e-05,сайтах
1.2091797814253271,7.105805443046969e-05,8.592196272474433e-05,советы
1.2091797814253271,7.105805443046969e-05,8.592196272474433e-05,оставлять
1.2091797814253271,7.105805443046969e-05,8.592196272474433e-05,суток
1.2091797814253271,7.105805443046969e-05,8.592196272474433e-05,услугами
1.2091797814253271,7.105805443046969e-05,8.592196272474433e-05,ценные
1.2091797814253271,7.105805443046969e-05,8.592196272474433e-05,писатель
1.2091797814253271,7.105805443046969e-05,8.592196272474433e-05,соответственно
1.2091797814253271,7.105805443046969e-05,8.592196272474433e-05,поездок
0.4004625393760797,0.00021317416329140907,8.536826676104874e-05,кто
0.6003864074383962,0.00014211610886093938,8.532458003814342e-05,стран
0.17026171539495738,0.0004974063810132878,8.468926367972014e-05,1
1.1828508427029778,7.105805443046969e-05,8.405107956391513e-05,портал
1.1828508427029778,7.105805443046969e-05,8.405107956391513e-05,издания
1.1828508427029778,7.105805443046969e-05,8.405107956391513e-05,машины
1.1828508427029778,7.105805443046969e-05,8.405107956391513e-05,спокойно
1.1828508427029778,7.105805443046969e-05,8.405107956391513e-05,сведения
1.1828508427029778,7.105805443046969e-05,8.405107956391513e-05,Билеты
1.1828508427029778,7.105805443046969e-05,8.405107956391513e-05,общественных
1.1828508427029778,7.105805443046969e-05,8.405107956391513e-05,открытая
1.1828508427029778,7.105805443046969e-05,8.405107956391513e-05,трамвай
1.1828508427029778,7.105805443046969e-05,8.405107956391513e-05,ходит
1.1828508427029778,7.105805443046969e-05,8.405107956391513e-05,валюты
1.1828508427029778,7.105805443046969e-05,8.405107956391513e-05,виду
1.1828508427029778,7.105805443046969e-05,8.405107956391513e-05,европейской
1.1828508427029778,7.105805443046969e-05,8.405107956391513e-05,9-17
1.1828508427029778,7.105805443046969e-05,8.405107956391513e-05,Билет
1.1828508427029778,7.105805443046969e-05,8.405107956391513e-05,северный
1.1828508427029778,7.105805443046969e-05,8.405107956391513e-05,киосках
0.5807908513750155,0.00014211610886093938,8.253973585944937e-05,часов
1.1580272589779457,7.105805443046969e-05,8.228716400042249e-05,Наряду
1.1580272589779457,7.105805443046969e-05,8.228716400042249e-05,размеров
1.1580272589779457,7.105805443046969e-05,8.228716400042249e-05,телефону
1.1580272589779457,7.105805443046969e-05,8.228716400042249e-05,сумма
1.1580272589779457,7.105805443046969e-05,8.228716400042249e-05,http
1.1580272589779457,7.105805443046969e-05,8.228716400042249e-05,принимаются
1.1580272589779457,7.105805443046969e-05,8.228716400042249e-05,случай
1.1580272589779457,7.105805443046969e-05,8.228716400042249e-05,принять
1.1580272589779457,7.105805443046969e-05,8.228716400042249e-05,Такси
1.1580272589779457,7.105805443046969e-05,8.228716400042249e-05,шоссе
1.1580272589779457,7.105805443046969e-05,8.228716400042249e-05,август
1.1580272589779457,7.105805443046969e-05,8.228716400042249e-05,помещениях
1.1580272589779457,7.105805443046969e-05,8.228716400042249e-05,обе
1.1580272589779457,7.105805443046969e-05,8.228716400042249e-05,оформление
0.568201724066995,0.00014211610886093938,8.07506180724785e-05,внимание
0.568201724066995,0.00014211610886093938,8.07506180724785e-05,совершенно
1.1345461631284228,7.105805443046969e-05,8.061864301346002e-05,газеты
1.1345461631284228,7.105805443046969e-05,8.061864301346002e-05,клуба
1.1345461631284228,7.105805443046969e-05,8.061864301346002e-05,размеры
1.1345461631284228,7.105805443046969e-05,8.061864301346002e-05,недель
1.1345461631284228,7.105805443046969e-05,8.061864301346002e-05,температура
1.1345461631284228,7.105805443046969e-05,8.061864301346002e-05,последних
1.1345461631284228,7.105805443046969e-05,8.061864301346002e-05,начинает
1.1345461631284228,7.105805443046969e-05,8.061864301346002e-05,городке
1.1345461631284228,7.105805443046969e-05,8.061864301346002e-05,Девы
1.1345461631284228,7.105805443046969e-05,8.061864301346002e-05,монеты
1.1345461631284228,7.105805443046969e-05,8.061864301346002e-05,линий
1.1345461631284228,7.105805443046969e-05,8.061864301346002e-05,южный
1.1345461631284228,7.105805443046969e-05,8.061864301346002e-05,пользоваться
1.1345461631284228,7.105805443046969e-05,8.061864301346002e-05,дольше
1.1122697684172707,7.105805443046969e-05,7.903572574556033e-05,еды
1.1122697684172707,7.105805443046969e-05,7.903572574556033e-05,привлекают
1.1122697684172707,7.105805443046969e-05,7.903572574556033e-05,цвет
1.1122697684172707,7.105805443046969e-05,7.903572574556033e-05,Время
1.1122697684172707,7.105805443046969e-05,7.903572574556033e-05,подарок
1.1122697684172707,7.105805443046969e-05,7.903572574556033e-05,чисто
1.1122697684172707,7.105805443046969e-05,7.903572574556033e-05,десять
1.1122697684172707,7.105805443046969e-05,7.903572574556033e-05,требуется
1.1122697684172707,7.105805443046969e-05,7.903572574556033e-05,пользуются
1.1122697684172707,7.105805443046969e-05,7.903572574556033e-05,равно
1.1122697684172707,7.105805443046969e-05,7.903572574556033e-05,согласно
1.1122697684172707,7.105805443046969e-05,7.903572574556033e-05,услуг
1.1122697684172707,7.105805443046969e-05,7.903572574556033e-05,впрочем
1.1122697684172707,7.105805443046969e-05,7.903572574556033e-05,хорошие
1.1122697684172707,7.105805443046969e-05,7.903572574556033e-05,покровителя
1.1122697684172707,7.105805443046969e-05,7.903572574556033e-05,поездка
1.1122697684172707,7.105805443046969e-05,7.903572574556033e-05,Ни
1.1122697684172707,7.105805443046969e-05,7.903572574556033e-05,своём
1.0910804693473326,7.105805443046969e-05,7.753005537890518e-05,прекрасные
1.0910804693473326,7.105805443046969e-05,7.753005537890518e-05,горожане
1.0910804693473326,7.105805443046969e-05,7.753005537890518e-05,полиции
1.0910804693473326,7.105805443046969e-05,7.753005537890518e-05,сезона
1.0910804693473326,7.105805443046969e-05,7.753005537890518e-05,принимают
1.0910804693473326,7.105805443046969e-05,7.753005537890518e-05,Внимание
1.0910804693473326,7.105805443046969e-05,7.753005537890518e-05,Наиболее
1.0910804693473326,7.105805443046969e-05,7.753005537890518e-05,продукты
1.0910804693473326,7.105805443046969e-05,7.753005537890518e-05,начинаются
1.0910804693473326,7.105805443046969e-05,7.753005537890518e-05,одежду
1.0910804693473326,7.105805443046969e-05,7.753005537890518e-05,Несколько
1.0910804693473326,7.105805443046969e-05,7.753005537890518e-05,вопрос
1.0708770832590455,7.105805443046969e-05,7.609444207056388e-05,питания
1.0708770832590455,7.105805443046969e-05,7.609444207056388e-05,транспорте
1.0708770832590455,7.105805443046969e-05,7.609444207056388e-05,org
1.0515719280636588,7.105805443046969e-05,7.472265530190143e-05,проблем
1.0515719280636588,7.105805443046969e-05,7.472265530190143e-05,вечера
1.0515719280636588,7.105805443046969e-05,7.472265530190143e-05,кино
1.0515719280636588,7.105805443046969e-05,7.472265530190143e-05,номера
1.0515719280636588,7.105805443046969e-05,7.472265530190143e-05,Наполеона
1.0515719280636588,7.105805443046969e-05,7.472265530190143e-05,удобно
1.0515719280636588,7.105805443046969e-05,7.472265530190143e-05,туристический
1.0515719280636588,7.105805443046969e-05,7.472265530190143e-05,главе
1.0515719280636588,7.105805443046969e-05,7.472265530190143e-05,поездку
1.0515719280636588,7.105805443046969e-05,7.472265530190143e-05,остались
1.0330885223696458,7.105805443046969e-05,7.34092604540358e-05,поле
1.0330885223696458,7.105805443046969e-05,7.34092604540358e-05,интерес
1.0330885223696458,7.105805443046969e-05,7.34092604540358e-05,таком
1.0330885223696458,7.105805443046969e-05,7.34092604540358e-05,Международный
1.0330885223696458,7.105805443046969e-05,7.34092604540358e-05,копии
1.0330885223696458,7.105805443046969e-05,7.34092604540358e-05,запрещено
0.5156726727908104,0.00014211610886093938,7.328539370295038e-05,жизнь
0.3414177567751264,0.00021317416329140907,7.278144463336739e-05,может
0.5102097770893083,0.00014211610886093938,7.250902822273974e-05,вам
1.0153597554092142,7.105805443046969e-05,7.214948876637633e-05,подобных
1.0153597554092142,7.105805443046969e-05,7.214948876637633e-05,представить
1.0153597554092142,7.105805443046969e-05,7.214948876637633e-05,неё
1.0153597554092142,7.105805443046969e-05,7.214948876637633e-05,непосредственно
1.0153597554092142,7.105805443046969e-05,7.214948876637633e-05,маршрута
1.0153597554092142,7.105805443046969e-05,7.214948876637633e-05,знаменитого
1.0153597554092142,7.105805443046969e-05,7.214948876637633e-05,отправляются
0.33411851803362697,0.00021317416329140907,7.1225435521984e-05,раз
0.33411851803362697,0.00021317416329140907,7.1225435521984e-05,особенно
0.49948591169753515,0.00014211610886093938,7.098499420131246e-05,вас
0.9983264161104338,7.105805443046969e-05,7.093913281535094e-05,пиво
0.9983264161104338,7.105805443046969e-05,7.093913281535094e-05,культуре
0.9983264161104338,7.105805443046969e-05,7.093913281535094e-05,взгляд
0.9983264161104338,7.105805443046969e-05,7.093913281535094e-05,Российской
0.9983264161104338,7.105805443046969e-05,7.093913281535094e-05,святых
0.9983264161104338,7.105805443046969e-05,7.093913281535094e-05,Америки
0.9983264161104338,7.105805443046969e-05,7.093913281535094e-05,баров
0.9983264161104338,7.105805443046969e-05,7.093913281535094e-05,Обычно
0.9983264161104338,7.105805443046969e-05,7.093913281535094e-05,Каждый
0.9983264161104338,7.105805443046969e-05,7.093913281535094e-05,относительно
0.9983264161104338,7.105805443046969e-05,7.093913281535094e-05,домой
0.9983264161104338,7.105805443046969e-05,7.093913281535094e-05,п
0.49422167170517795,0.00014211610886093938,7.02368608974885e-05,обычно
0.49422167170517795,0.00014211610886093938,7.02368608974885e-05,найти
0.9819359999222645,7.105805443046969e-05,6.977446172971395e-05,120
0.9819359999222645,7.105805443046969e-05,6.977446172971395e-05,городах
0.4890204780193702,0.00014211610886093938,6.949768748942943e-05,центра
0.9661417327390326,7.105805443046969e-05,6.865215183251847e-05,Москве
0.9661417327390326,7.105805443046969e-05,6.865215183251847e-05,книг
0.9661417327390326,7.105805443046969e-05,6.865215183251847e-05,Оно
0.9661417327390326,7.105805443046969e-05,6.865215183251847e-05,Сб
0.9661417327390326,7.105805443046969e-05,6.865215183251847e-05,зато
0.9661417327390326,7.105805443046969e-05,6.865215183251847e-05,рынке
0.9661417327390326,7.105805443046969e-05,6.865215183251847e-05,ресторане
0.9661417327390326,7.105805443046969e-05,6.865215183251847e-05,самостоятельно
0.9661417327390326,7.105805443046969e-05,6.865215183251847e-05,ценам
0.9661417327390326,7.105805443046969e-05,6.865215183251847e-05,o
0.9661417327390326,7.105805443046969e-05,6.865215183251847e-05,июле
0.9661417327390326,7.105805443046969e-05,6.865215183251847e-05,другим
0.4788013128376841,0.00014211610886093938,6.804537949800101e-05,её
0.9509017661822957,7.105805443046969e-05,6.756922945941133e-05,месяца
0.9509017661822957,7.105805443046969e-05,6.756922945941133e-05,раза
0.9509017661822957,7.105805443046969e-05,6.756922945941133e-05,передвижения
0.9509017661822957,7.105805443046969e-05,6.756922945941133e-05,крупнейших
0.31292921896368886,0.00021317416329140907,6.670842442201851e-05,без
0.9361785093615894,7.105805443046969e-05,6.65230234748518e-05,другого
0.9361785093615894,7.105805443046969e-05,6.65230234748518e-05,магазинах
0.9361785093615894,7.105805443046969e-05,6.65230234748518e-05,Впрочем
0.9361785093615894,7.105805443046969e-05,6.65230234748518e-05,настолько
0.9361785093615894,7.105805443046969e-05,6.65230234748518e-05,заведения
0.9219380702469792,7.105805443046969e-05,6.551112557713203e-05,значит
0.9219380702469792,7.105805443046969e-05,6.551112557713203e-05,гораздо
0.9219380702469792,7.105805443046969e-05,6.551112557713203e-05,поезда
0.9219380702469792,7.105805443046969e-05,6.551112557713203e-05,последнее
0.45425837176015826,0.00014211610886093938,6.455743221205972e-05,нет
0.9081497857613459,7.105805443046969e-05,6.45313569076491e-05,ходят
0.9081497857613459,7.105805443046969e-05,6.45313569076491e-05,специальные
0.9081497857613459,7.105805443046969e-05,6.45313569076491e-05,сеть
0.9081497857613459,7.105805443046969e-05,6.45313569076491e-05,помощи
0.8947858242033644,7.105805443046969e-05,6.358173979985535e-05,открытия
0.8947858242033644,7.105805443046969e-05,6.358173979985535e-05,своему
0.8947858242033644,7.105805443046969e-05,6.358173979985535e-05,Санкт-Петербурге
0.8947858242033644,7.105805443046969e-05,6.358173979985535e-05,правила
0.8947858242033644,7.105805443046969e-05,6.358173979985535e-05,число
0.4448168155273167,0.00014211610886093938,6.321563497865654e-05,довольно
0.8692317197309762,7.105805443046969e-05,6.176591485333449e-05,Северной
0.8692317197309762,7.105805443046969e-05,6.176591485333449e-05,представляют
0.8692317197309762,7.105805443046969e-05,6.176591485333449e-05,Новый
0.8692317197309762,7.105805443046969e-05,6.176591485333449e-05,улицах
0.8692317197309762,7.105805443046969e-05,6.176591485333449e-05,нас
0.8569972633139645,7.105805443046969e-05,6.089655818332726e-05,часа
0.8569972633139645,7.105805443046969e-05,6.089655818332726e-05,дорогу
0.8569972633139645,7.105805443046969e-05,6.089655818332726e-05,большей
0.0849201606425141,0.000710580544304697,6.0342613971799975e-05,при
0.8450980400142568,7.105805443046969e-05,6.005102252641631e-05,ничего
0.8450980400142568,7.105805443046969e-05,6.005102252641631e-05,августе
0.8450980400142568,7.105805443046969e-05,6.005102252641631e-05,Помимо
0.8335161674644417,7.105805443046969e-05,5.9228037196364786e-05,своё
0.8335161674644417,7.105805443046969e-05,5.9228037196364786e-05,входят
0.8335161674644417,7.105805443046969e-05,5.9228037196364786e-05,аэропорт
0.4132997640812518,0.00014211610886093938,5.8736554264371746e-05,лучше
0.8222351570547527,7.105805443046969e-05,5.842643054464241e-05,король
0.8222351570547527,7.105805443046969e-05,5.842643054464241e-05,прекрасный
0.8222351570547527,7.105805443046969e-05,5.842643054464241e-05,движение
0.8112397727532894,7.105805443046969e-05,5.76451199284651e-05,%
0.8112397727532894,7.105805443046969e-05,5.76451199284651e-05,код
0.8112397727532894,7.105805443046969e-05,5.76451199284651e-05,помощью
0.8112397727532894,7.105805443046969e-05,5.76451199284651e-05,крупных
0.8112397727532894,7.105805443046969e-05,5.76451199284651e-05,украшения
0.8112397727532894,7.105805443046969e-05,5.76451199284651e-05,привлекает
0.8112397727532894,7.105805443046969e-05,5.76451199284651e-05,предлагают
0.26717172840301384,0.00021317416329140907,5.6954109657432064e-05,вы
0.26717172840301384,0.00021317416329140907,5.6954109657432064e-05,12
0.8005159073615163,7.105805443046969e-05,5.688310291775146e-05,Город
0.8005159073615163,7.105805443046969e-05,5.688310291775146e-05,местах
0.8005159073615163,7.105805443046969e-05,5.688310291775146e-05,ними
0.3962664247824715,0.00014211610886093938,5.631584236232096e-05,дней
0.7900504736833514,7.105805443046969e-05,5.6139449561809944e-05,денег
0.7900504736833514,7.105805443046969e-05,5.6139449561809944e-05,бывает
0.7900504736833514,7.105805443046969e-05,5.6139449561809944e-05,право
0.7900504736833514,7.105805443046969e-05,5.6139449561809944e-05,снова
0.7900504736833514,7.105805443046969e-05,5.6139449561809944e-05,мимо
0.7900504736833514,7.105805443046969e-05,5.6139449561809944e-05,страну
0.7900504736833514,7.105805443046969e-05,5.6139449561809944e-05,зале
0.7900504736833514,7.105805443046969e-05,5.6139449561809944e-05,горы
0.7900504736833514,7.105805443046969e-05,5.6139449561809944e-05,новых
0.7900504736833514,7.105805443046969e-05,5.6139449561809944e-05,дворе
0.7900504736833514,7.105805443046969e-05,5.6139449561809944e-05,каждом
0.7798313085016653,7.105805443046969e-05,5.5413295566095734e-05,магазинов
0.7798313085016653,7.105805443046969e-05,5.5413295566095734e-05,автобусы
0.7798313085016653,7.105805443046969e-05,5.5413295566095734e-05,вскоре
0.7798313085016653,7.105805443046969e-05,5.5413295566095734e-05,возможно
0.19319167604119675,0.00028423221772187876,5.49112985265961e-05,30
0.7698470875950644,7.105805443046969e-05,5.4703836253468655e-05,марта
0.7698470875950644,7.105805443046969e-05,5.4703836253468655e-05,0
0.7698470875950644,7.105805443046969e-05,5.4703836253468655e-05,посещения
0.7698470875950644,7.105805443046969e-05,5.4703836253468655e-05,чего
0.7698470875950644,7.105805443046969e-05,5.4703836253468655e-05,скорее
0.38391598639604224,0.00014211610886093938,5.456064611611486e-05,числе
0.7600872503059082,7.105805443046969e-05,5.4010321204143266e-05,достопримечательностей
0.7600872503059082,7.105805443046969e-05,5.4010321204143266e-05,центральной
0.7600872503059082,7.105805443046969e-05,5.4010321204143266e-05,любом
0.7600872503059082,7.105805443046969e-05,5.4010321204143266e-05,сайте
0.7600872503059082,7.105805443046969e-05,5.4010321204143266e-05,кофе
0.37987600859430215,0.00014211610886093938,5.398650019104699e-05,50
0.37190707892302677,0.00014211610886093938,5.2853986914378844e-05,Как
0.7412019061455344,7.105805443046969e-05,5.266836539085727e-05,Перед
0.36797678529459443,0.00014211610886093938,5.22954288772251e-05,24
0.7320585267056646,7.105805443046969e-05,5.2018654636940565e-05,станции
0.7320585267056646,7.105805443046969e-05,5.2018654636940565e-05,38
0.7320585267056646,7.105805443046969e-05,5.2018654636940565e-05,О
0.7231036840527382,7.105805443046969e-05,5.1382340940292624e-05,работают
0.7231036840527382,7.105805443046969e-05,5.1382340940292624e-05,предметы
0.7231036840527382,7.105805443046969e-05,5.1382340940292624e-05,качестве
0.7231036840527382,7.105805443046969e-05,5.1382340940292624e-05,Правда
0.7231036840527382,7.105805443046969e-05,5.1382340940292624e-05,рестораны
0.18030365368909798,0.00028423221772187876,5.124810735140993e-05,5
0.714329759745233,7.105805443046969e-05,5.07588829492811e-05,добраться
0.714329759745233,7.105805443046969e-05,5.07588829492811e-05,городом
0.714329759745233,7.105805443046969e-05,5.07588829492811e-05,должен
0.714329759745233,7.105805443046969e-05,5.07588829492811e-05,поездки
0.714329759745233,7.105805443046969e-05,5.07588829492811e-05,наших
0.714329759745233,7.105805443046969e-05,5.07588829492811e-05,куда
0.7057295879833154,7.105805443046969e-05,5.0147771476111374e-05,деньги
0.7057295879833154,7.105805443046969e-05,5.0147771476111374e-05,июля
0.7057295879833154,7.105805443046969e-05,5.0147771476111374e-05,одну
0.23432281678808242,0.00021317416329140907,4.9951570408885615e-05,15
0.3488417748543334,0.00014211610886093938,4.957603565044175e-05,25
0.6972964204464527,7.105805443046969e-05,4.954852699825571e-05,первым
0.6972964204464527,7.105805443046969e-05,4.954852699825571e-05,практически
0.6972964204464527,7.105805443046969e-05,4.954852699825571e-05,появился
0.6890238944804628,7.105805443046969e-05,4.896069739788693e-05,взять
0.6890238944804628,7.105805443046969e-05,4.896069739788693e-05,парке
0.3414177567751264,0.00014211610886093938,4.852096308891159e-05,За
0.3414177567751264,0.00014211610886093938,4.852096308891159e-05,просто
0.6809060042582834,7.105805443046969e-05,4.838385591261873e-05,моря
0.6809060042582834,7.105805443046969e-05,4.838385591261873e-05,которому
0.6809060042582834,7.105805443046969e-05,4.838385591261873e-05,настоящее
0.672937074587008,7.105805443046969e-05,4.7817599274284656e-05,необходимо
0.22296806591096033,0.00021317416329140907,4.753103089127272e-05,чем
0.6651117370750514,7.105805443046969e-05,4.726154601542325e-05,государства
0.6651117370750514,7.105805443046969e-05,4.726154601542325e-05,Многие
0.6651117370750514,7.105805443046969e-05,4.726154601542325e-05,городов
0.6651117370750514,7.105805443046969e-05,4.726154601542325e-05,приобрести
0.6651117370750514,7.105805443046969e-05,4.726154601542325e-05,можете
0.3305143937648018,0.00014211610886093938,4.6971419564385955e-05,Его
0.3305143937648018,0.00014211610886093938,4.6971419564385955e-05,год
0.6574249084087604,7.105805443046969e-05,4.671533492565625e-05,магазины
0.6574249084087604,7.105805443046969e-05,4.671533492565625e-05,200
0.6574249084087604,7.105805443046969e-05,4.671533492565625e-05,90
0.6574249084087604,7.105805443046969e-05,4.671533492565625e-05,октября
0.6574249084087604,7.105805443046969e-05,4.671533492565625e-05,300
0.21740011167201811,0.00021317416329140907,4.6344086905141356e-05,20
0.6498717705183146,7.105805443046969e-05,4.6178623642316104e-05,пока
0.6498717705183146,7.105805443046969e-05,4.6178623642316104e-05,линии
0.6498717705183146,7.105805443046969e-05,4.6178623642316104e-05,некоторых
0.6498717705183146,7.105805443046969e-05,4.6178623642316104e-05,августа
0.6498717705183146,7.105805443046969e-05,4.6178623642316104e-05,становится
0.32339465264185385,0.00014211610886093938,4.595958965989538e-05,8
0.6424477524391077,7.105805443046969e-05,4.565108736155103e-05,s
0.6424477524391077,7.105805443046969e-05,4.565108736155103e-05,иногда
0.6424477524391077,7.105805443046969e-05,4.565108736155103e-05,Очень
0.31987807891901676,0.00014211610886093938,4.5459827885883145e-05,центр
0.31987807891901676,0.00014211610886093938,4.5459827885883145e-05,Во
0.21190263976080037,0.00021317416329140907,4.517216793024949e-05,3
0.6351485136976082,7.105805443046969e-05,4.5132417657756566e-05,столицы
0.6351485136976082,7.105805443046969e-05,4.5132417657756566e-05,получить
0.6351485136976082,7.105805443046969e-05,4.5132417657756566e-05,отдыха
0.6351485136976082,7.105805443046969e-05,4.5132417657756566e-05,купить
0.31638975107319545,0.00014211610886093938,4.4964080306003755e-05,7
0.6279699290704848,7.105805443046969e-05,4.46223214005887e-05,собор
0.620908074582998,7.105805443046969e-05,4.4120519760036806e-05,любой
0.20378474953862089,0.00021317416329140907,4.344164347444487e-05,чтобы
0.6071197900973646,7.105805443046969e-05,4.3140751090553864e-05,надо
0.6071197900973646,7.105805443046969e-05,4.3140751090553864e-05,ли
0.6071197900973646,7.105805443046969e-05,4.3140751090553864e-05,площадью
0.6071197900973646,7.105805443046969e-05,4.3140751090553864e-05,занимает
0.6003864074383962,7.105805443046969e-05,4.266229001907171e-05,своими
0.2993564117744151,0.00014211610886093938,4.254336840395297e-05,всегда
0.5937558285393831,7.105805443046969e-05,4.219113398276012e-05,ресторанов
0.5937558285393831,7.105805443046969e-05,4.219113398276012e-05,пути
0.292725832875402,0.00014211610886093938,4.1601056331329775e-05,около
0.06499490103309116,0.0006395224898742272,4.156570093781144e-05,о
0.5807908513750155,7.105805443046969e-05,4.126986792972469e-05,главным
0.5744506733439965,7.105805443046969e-05,4.0819347214097666e-05,жителей
0.5744506733439965,7.105805443046969e-05,4.0819347214097666e-05,должны
0.5744506733439965,7.105805443046969e-05,4.0819347214097666e-05,тут
0.5744506733439965,7.105805443046969e-05,4.0819347214097666e-05,транспорта
0.2861949657164442,0.00014211610886093938,4.0672914903211e-05,При
0.568201724066995,7.105805443046969e-05,4.037530903623925e-05,Кстати
0.568201724066995,7.105805443046969e-05,4.037530903623925e-05,сразу
0.5620414153621766,7.105805443046969e-05,3.993756948498377e-05,поэтому
0.13914191481757196,0.00028423221772187876,3.9548615026667223e-05,один
0.5559672676499834,7.105805443046969e-05,3.950595236623203e-05,стране
0.5499769039607959,7.105805443046969e-05,3.9080288777147437e-05,Европы
0.5440680443502757,7.105805443046969e-05,3.866041670932109e-05,им
0.5440680443502757,7.105805443046969e-05,3.866041670932109e-05,некоторые
0.5440680443502757,7.105805443046969e-05,3.866041670932109e-05,де
0.18030365368909798,0.00021317416329140907,3.8436080513557446e-05,10
0.5382385006895517,7.105805443046969e-05,3.824618067857256e-05,стоят
0.5324861718004604,7.105805443046969e-05,3.783743137926955e-05,000
0.5212051613907714,7.105805443046969e-05,3.7035824727547174e-05,весь
0.5102097770893083,7.105805443046969e-05,3.625451411136987e-05,менее
0.49948591169753515,7.105805443046969e-05,3.549249710065623e-05,всем
0.49948591169753515,7.105805443046969e-05,3.549249710065623e-05,дня
0.24894690829681473,0.00014211610886093938,3.537936592010441e-05,времени
0.1653264977194452,0.00021317416329140907,3.524333782124178e-05,них
0.49422167170517795,7.105805443046969e-05,3.511843044874425e-05,45
0.49422167170517795,7.105805443046969e-05,3.511843044874425e-05,ним
0.4890204780193702,7.105805443046969e-05,3.4748843744714714e-05,является
0.4890204780193702,7.105805443046969e-05,3.4748843744714714e-05,виде
0.16044673310135865,0.00021317416329140907,3.420309808172216e-05,очень
0.4737805114626333,7.105805443046969e-05,3.366592137160757e-05,музея
0.4737805114626333,7.105805443046969e-05,3.366592137160757e-05,образом
0.46881709193108323,7.105805443046969e-05,3.3313230436373424e-05,которую
0.463909757436339,7.105805443046969e-05,3.296452479473737e-05,тел
0.4590572546419269,7.105805443046969e-05,3.261971538704803e-05,своих
0.44951193673569656,7.105805443046969e-05,3.194144366771097e-05,туристов
0.14848194107171533,0.00021317416329140907,3.165251355184722e-05,через
0.07285564924113348,0.00042634832658281814,3.1061884136062024e-05,которые
0.43102853104168337,7.105805443046969e-05,3.0628048819845334e-05,У
0.43102853104168337,7.105805443046969e-05,3.0628048819845334e-05,всей
0.4265280298150069,7.105805443046969e-05,3.030825195871576e-05,этих
0.422073688388757,7.105805443046969e-05,2.9991735123197397e-05,мира
0.41766456948370195,7.105805443046969e-05,2.9678431712051584e-05,прямо
0.41766456948370195,7.105805443046969e-05,2.9678431712051584e-05,места
0.41766456948370195,7.105805443046969e-05,2.9678431712051584e-05,тоже
0.4132997640812518,7.105805443046969e-05,2.9368277132185873e-05,От
0.20647388804940212,0.00014211610886093938,2.934326555097024e-05,место
0.20647388804940212,0.00014211610886093938,2.934326555097024e-05,том
0.4089783902986093,7.105805443046969e-05,2.9061208718724455e-05,19
0.4089783902986093,7.105805443046969e-05,2.9061208718724455e-05,территории
0.4046995923193342,7.105805443046969e-05,2.8757165659016143e-05,России
0.4046995923193342,7.105805443046969e-05,2.8757165659016143e-05,больше
0.201112159677294,0.00014211610886093938,2.858127757795694e-05,они
0.4004625393760797,7.105805443046969e-05,2.8456088920349582e-05,свои
0.3962664247824715,7.105805443046969e-05,2.815792118116048e-05,первый
0.3962664247824715,7.105805443046969e-05,2.815792118116048e-05,км
0.38799389881648155,7.105805443046969e-05,2.7570091580791695e-05,одна
0.38391598639604224,7.105805443046969e-05,2.728032305805743e-05,быть
0.38391598639604224,7.105805443046969e-05,2.728032305805743e-05,тех
0.1277424550734781,0.00021317416329140907,2.7231390977079106e-05,он
0.37190707892302677,7.105805443046969e-05,2.6426993457189422e-05,считается
0.03672280702473984,0.000710580544304697,2.609451220403598e-05,можно
0.18285084270297788,0.00014211610886093938,2.598605026689091e-05,году
0.3602213205978321,7.105805443046969e-05,2.5596626206056424e-05,одной
0.11883353791965892,0.00021317416329140907,2.5332240016981222e-05,более
0.35639491274477925,7.105805443046969e-05,2.532472910856102e-05,другие
0.3526019237276401,7.105805443046969e-05,2.505520668852697e-05,именно
0.3526019237276401,7.105805443046969e-05,2.505520668852697e-05,страны
0.33775280268872104,7.105805443046969e-05,2.400005703749883e-05,16
0.11226976841727061,0.00021317416329140907,2.3933013945271925e-05,то
0.15802725897794576,0.00014211610886093938,2.24582191399056e-05,К
0.31292921896368886,7.105805443046969e-05,2.223614147400617e-05,своей
0.30608979443338347,7.105805443046969e-05,2.175014527345864e-05,жизни
0.14848194107171533,0.00014211610886093938,2.1101675701231482e-05,которых
0.2960284684254876,7.105805443046969e-05,2.1035207022346874e-05,тем
0.292725832875402,7.105805443046969e-05,2.0800528165664888e-05,два
0.28944812311416607,7.105805443046969e-05,2.0567620487043705e-05,многие
0.2861949657164442,7.105805443046969e-05,2.03364574516055e-05,которая
0.2829659955862457,7.105805443046969e-05,2.0107013116339492e-05,9
0.27657919692484506,7.105805443046969e-05,1.9653179629421234e-05,месте
0.27657919692484506,7.105805443046969e-05,1.9653179629421234e-05,собой
0.03855141807114795,0.0004974063810132878,1.9175721345699968e-05,или
0.26408065142587195,7.105805443046969e-05,1.87650573030535e-05,она
0.25796372661619005,7.105805443046969e-05,1.8330400526980034e-05,Он
0.2549372719860022,7.105805443046969e-05,1.8115346549136798e-05,центре
0.24894690829681473,7.105805443046969e-05,1.7689682960052206e-05,этот
0.12104369272477576,0.00014211610886093938,1.720225861220433e-05,их
0.2401134956689778,7.105805443046969e-05,1.7061997844736572e-05,Если
0.23145617613647929,7.105805443046969e-05,1.6446825562174325e-05,работы
0.07684003023272233,0.00021317416329140907,1.638030915214716e-05,есть
0.11444668767154517,0.00014211610886093938,1.6264717923903244e-05,всего
0.05536491708079807,0.00028423221772187876,1.573649316586316e-05,во
0.22017516572679025,7.105805443046969e-05,1.5645218910451947e-05,несколько
0.21464267712682922,7.105805443046969e-05,1.5252091034379962e-05,почти
0.06890749039614115,0.00021317416329140907,1.4689296609708196e-05,также
0.04781177919035217,0.00028423221772187876,1.3589648032502571e-05,здесь
0.025909937742522364,0.0004974063810132878,1.2887768364787645e-05,за
0.18030365368909798,7.105805443046969e-05,1.2812026837852482e-05,площади
0.16778709626710203,7.105805443046969e-05,1.1922624619278194e-05,стоит
0.05536491708079807,0.00021317416329140907,1.180236987439737e-05,города
0.16287976177235783,7.105805443046969e-05,1.1573918977642138e-05,даже
0.04038776111114523,0.00028423221772187876,1.147950290944226e-05,время
0.15322837609617704,7.105805443046969e-05,1.0888110288934628e-05,уже
0.15084867435082236,7.105805443046969e-05,1.0719013312784933e-05,после
0.03672280702473984,0.00028423221772187876,1.0437804881614393e-05,у
0.03490186313311414,0.00028423221772187876,9.920233960950512e-06,только
0.06111724596988938,0.00014211610886093938,8.685745181537608e-06,со
0.12104369272477576,7.105805443046969e-05,8.601129306102165e-06,По
0.11226976841727061,7.105805443046969e-05,7.977671315090643e-06,того
0.02769349048293961,0.00028423221772187876,7.87138221642567e-06,же
0.03672280702473984,0.00021317416329140907,7.828353661210794e-06,но
0.05346428174136387,0.00014211610886093938,7.598135684127601e-06,где
0.006759583647296633,0.0010658708164570454,7.204842941053756e-06,не
0.09523642911849028,7.105805443046969e-05,6.767315364065251e-06,этом
0.08901730878355912,7.105805443046969e-05,6.325396772796072e-06,который
0.07684003023272233,7.105805443046969e-05,5.46010305071572e-06,под
0.022364656977872658,0.00021317416329140907,4.767567038557377e-06,это
0.005059798769402266,0.0007816385987351667,3.954934019997507e-06,а
0.05346428174136387,7.105805443046969e-05,3.7990678420638004e-06,так
0.022364656977872658,0.00014211610886093938,3.1783780257049183e-06,что
0.01884808325503559,0.00014211610886093938,2.678616251692687e-06,На
0.0033666407499572783,0.0006395224898742272,2.1530424749247144e-06,к
0.005059798769402266,0.0003552902721523485,1.797697281817049e-06,как
0.0016800581180216715,0.0010658708164570454,1.7907249179510462e-06,для
0.02413367971671937,7.105805443046969e-05,1.7148923269181672e-06,его
0.0016800581180216715,0.0006395224898742272,1.0744349507706278e-06,из
0.0016800581180216715,0.00042634832658281814,7.162899671804184e-07,от
0.0,0.0006395224898742272,0.0,до
0.0,0.0012079869253179849,0.0,В
0.0,0.004121367156967242,0.0,и
0.0,0.0026291480139273788,0.0,на
0.0,0.005116179918993818,0.0,в
0.0,0.000710580544304697,0.0,по
0.0,0.0014922191430398635,0.0,с
0.0,7.105805443046969e-05,0.0,
